150 Inflation Regency/Municipality (2022=100),,,,,,,,,,,,,,,,,,,,,,,,,,,,,,,,,,,,,,,,,,,,,,,,,,,,,,,,,,,,,,,,,
,Consumer Price Index of Health Group and Sub (2022=100),,,,,,,,,,,,,,,,,,,,,,,,,,,,,,,,,,,,,,,,,,,,,,,,,,,,,,,,,,,,,,,,
,Health,,,,,,,,,,,,,Medicines and Health Products,,,,,,,,,,,,,Outpatient Services,,,,,,,,,,,,,Inpatient Services,,,,,,,,,,,,,Other Health Services,,,,,,,,,,,,
,2024,,,,,,,,,,,,,2024,,,,,,,,,,,,,2024,,,,,,,,,,,,,2024,,,,,,,,,,,,,2024,,,,,,,,,,,,
,January,February,March,April,May,June,July,August,September,October,November,December,Annually,January,February,March,April,May,June,July,August,September,October,November,December,Annually,January,February,March,April,May,June,July,August,September,October,November,December,Annually,January,February,March,April,May,June,July,August,September,October,November,December,Annually,January,February,March,April,May,June,July,August,September,October,November,December,Annually
KAB ACEH TENGAH,104.08,104.08,105.43,105.21,105.45,104.76,105.78,105.69,106.75,106.4,106.5,106.02,-,106.26,106.26,108.37,108.03,108.42,107.33,108.92,108.54,110.2,109.66,109.82,109.06,-,100,100,100,100,100,100,100,100.45,100.45,100.45,100.45,100.45,-,103.39,103.39,103.39,103.39,103.39,103.39,103.39,103.39,103.39,103.39,103.39,103.39,-,-,-,-,-,-,-,-,-,-,-,-,-,-
MEULABOH,108.28,108.28,108.28,108.34,109.1,109.39,110.88,110.57,111.3,111.3,111.75,112.82,-,111.93,111.93,111.93,112.04,113.24,113.69,116.02,115.53,116.69,116.69,117.41,119.09,-,100,100,100,100,100,100,100,100,100,100,100,100,-,106.82,106.82,106.82,106.82,106.82,106.82,108.24,108.24,108.24,108.24,108.24,108.24,-,115.52,115.52,115.52,115.52,115.52,115.52,115.52,115.52,115.52,115.52,115.52,115.52,-
KAB ACEH TAMIANG,107.72,107.72,107.72,107.85,107.85,107.85,107.85,107.85,107.85,107.85,107.85,108.35,-,108.87,108.87,108.87,109.08,109.08,109.08,109.08,109.08,109.08,109.08,109.08,109.9,-,106.34,106.34,106.34,106.34,106.34,106.34,106.34,106.34,106.34,106.34,106.34,106.34,-,100,100,100,100,100,100,100,100,100,100,100,100,-,-,-,-,-,-,-,-,-,-,-,-,-,-
KOTA BANDA ACEH,104.18,104.18,104.33,104.33,104.7,105.11,105.37,105.37,105.37,105.37,105.08,105.28,-,106.63,106.63,106.95,106.95,107.72,107.72,107.72,107.72,107.72,107.72,107.1,107.52,-,102.43,102.43,102.43,102.43,102.43,102.43,103.26,103.26,103.26,103.26,103.26,103.26,-,100,100,100,100,100,100,100,100,100,100,100,100,-,104.18,104.18,104.18,104.18,104.18,112,112,112,112,112,112,112,-
KOTA LHOKSEUMAWE,102.53,102.58,102.58,102.58,102.58,102.58,102.58,102.58,103.67,103.67,103.67,102.43,-,104.06,104.06,104.06,104.06,104.06,104.06,104.06,104.06,106.21,106.21,106.21,103.76,-,103.05,103.05,103.05,103.05,103.05,103.05,103.05,103.05,103.05,103.05,103.05,103.05,-,100,100,100,100,100,100,100,100,100,100,100,100,-,105.2,109.69,109.69,109.69,109.69,109.69,109.69,109.69,109.69,109.69,109.69,109.69,-
KAB LABUHANBATU,110.38,110.38,110.57,110.65,110.72,110.72,110.74,110.98,111.68,112.24,112.24,112.24,-,118.97,118.97,119.32,119.32,119.32,119.32,119.35,119.35,120.03,121.07,121.07,121.07,-,100.58,100.58,100.58,100.87,100.87,100.87,100.87,101.65,102.74,102.74,102.74,102.74,-,100,100,100,100,100,100,100,100,100,100,100,100,-,100,100,100,100,102.3,102.3,102.3,102.3,102.3,102.3,102.3,102.3,-
KAB KARO,99.76,99.85,99.85,99.85,100.65,100.91,100.91,100.91,100.91,100.91,100.91,100.91,-,99.15,99.32,99.32,99.32,100.73,100.64,100.64,100.64,100.64,100.64,100.64,100.64,-,101.55,101.55,101.55,101.55,101.55,101.55,101.55,101.55,101.55,101.55,101.55,101.55,-,100,100,100,100,100,101.64,101.64,101.64,101.64,101.64,101.64,101.64,-,100,100,100,100,100,100,100,100,100,100,100,100,-
KAB DELI SERDANG,103.77,104.24,104.24,104.54,104.54,104.69,105.14,105.14,105.14,104.94,104.94,106.4,-,108.51,109.58,109.58,109.58,109.58,109.91,109.91,109.91,109.91,109.45,109.45,109.54,-,100,100,100,100,100,100,101.7,101.7,101.7,101.7,101.7,107.01,-,100,100,100,100,100,100,100,100,100,100,100,100,-,100,100,100,112.5,112.5,112.5,112.5,112.5,112.5,112.5,112.5,112.5,-
KOTA SIBOLGA,117.72,117.72,117.72,119.73,119.73,119.73,119.73,119.82,119.82,119.82,119.82,119.82,-,101.48,101.48,101.48,105.79,105.79,105.79,105.79,105.98,105.98,105.98,105.98,105.98,-,118.17,118.17,118.17,118.17,118.17,118.17,118.17,118.17,118.17,118.17,118.17,118.17,-,151.15,151.15,151.15,151.15,151.15,151.15,151.15,151.15,151.15,151.15,151.15,151.15,-,100,100,100,100,100,100,100,100,100,100,100,100,-
KOTA PEMATANGSIANTAR,104.87,105.44,105.43,105.95,105.95,106.24,107.53,107.53,107.86,107.86,107.86,107.86,-,105.87,106.26,106.23,107.25,107.25,107.82,107.82,107.82,108.46,108.46,108.46,108.46,-,105.19,106.51,106.51,106.51,106.51,106.51,106.51,106.51,106.51,106.51,106.51,106.51,-,100,100,100,100,100,100,100,100,100,100,100,100,-,107.32,107.32,107.32,107.32,107.32,107.32,133.17,133.17,133.17,133.17,133.17,133.17,-
KOTA MEDAN,101.68,101.81,101.81,101.71,101.65,101.65,101.67,101.67,101.67,101.67,101.67,102.91,-,102.2,102.45,102.45,102.24,102.14,102.14,102.18,102.18,102.18,102.18,102.18,103.32,-,100.39,100.39,100.39,100.39,100.39,100.39,100.39,100.39,100.39,100.39,100.39,101.57,-,100,100,100,100,100,100,100,100,100,100,100,100,-,107.46,107.46,107.46,107.46,107.46,107.46,107.46,107.46,107.46,107.46,107.46,113.62,-
KOTA PADANGSIDIMPUAN,105.6,105.86,106.25,106.25,106.57,106.61,106.63,106.63,106.63,106.63,106.63,106.63,-,106.35,107.05,107.96,107.96,108.84,108.95,109,109,109,109,109,109,-,106.66,106.66,106.66,106.66,106.66,106.66,106.66,106.66,106.66,106.66,106.66,106.66,-,101.88,101.88,101.88,101.88,101.88,101.88,101.88,101.88,101.88,101.88,101.88,101.88,-,101.24,101.24,102.8,102.8,102.8,102.8,102.8,102.8,102.8,102.8,102.8,102.8,-
KOTA GUNUNGSITOLI,103.45,103.45,103.56,103.56,103.86,103.86,105.75,105.75,105.75,105.75,105.75,107.8,-,102.28,102.28,102.49,102.49,103.05,103.05,103.05,103.05,103.05,103.05,103.05,103.06,-,112.42,112.42,112.42,112.42,112.42,112.42,122.98,122.98,122.98,122.98,122.98,134.42,-,100,100,100,100,100,100,100,100,100,100,100,100,-,-,-,-,-,-,-,-,-,-,-,-,-,-
KAB DHARMASRAYA,102.18,102.27,102.27,102.27,102.27,102.27,102.27,102.27,102.27,102.27,102.31,102.31,-,102.96,103.23,103.23,103.23,103.23,103.23,103.23,103.23,103.23,103.23,103.32,103.32,-,102.68,102.68,102.68,102.68,102.68,102.68,102.68,102.68,102.68,102.68,102.68,102.68,-,100,100,100,100,100,100,100,100,100,100,100,100,-,100,100,100,100,100,100,100,100,100,100,100,100,-
KAB PASAMAN BARAT,102.19,103.87,104.34,104.51,104.34,104.33,104.33,104.44,104.4,104.49,104.49,104.49,-,102.33,103.91,105.28,105.78,105.29,105.23,105.23,105.23,105.1,105.37,105.37,105.37,-,102.96,105.71,105.71,105.71,105.71,105.71,105.71,105.71,105.71,105.71,105.71,105.71,-,100,100,100,100,100,100,100,100,100,100,100,100,-,101.98,101.98,101.98,101.98,101.98,101.98,101.98,103.33,103.33,103.33,103.33,103.33,-
KOTA PADANG,102.76,102.76,102.77,102.77,102.77,102.83,102.83,102.85,102.91,102.9,105.27,105.23,-,102.72,102.72,102.74,102.74,102.74,102.96,102.96,103.02,103.24,103.2,103.2,103.05,-,100,100,100,100,100,100,100,100,100,100,110.51,110.51,-,103.62,103.62,103.62,103.62,103.62,103.62,103.62,103.62,103.62,103.62,104.92,104.92,-,103.33,103.33,103.33,103.33,103.33,103.33,103.33,103.33,103.33,103.33,103.33,103.33,-
KOTA BUKITTINGGI,101.74,105.51,105.51,105.51,105.68,105.62,106.32,106.91,106.91,106.91,107.13,107.13,-,105.17,105.17,105.17,105.17,105.81,105.57,105.61,105.73,105.73,105.73,106.56,106.56,-,100.71,100.71,100.71,100.71,100.71,100.71,102.84,104.53,104.53,104.53,104.53,104.53,-,100,109.92,109.92,109.92,109.92,109.92,109.92,109.92,109.92,109.92,109.92,109.92,-,104.73,104.73,104.73,104.73,104.73,104.73,104.73,104.73,104.73,104.73,104.73,104.73,-
TEMBILAHAN,104.79,104.46,104.62,104.62,104.62,104.43,104.45,104.45,105.03,105.03,105.03,105.03,-,101.5,100.76,101.12,101.12,101.12,100.7,100.74,100.74,102.03,102.03,102.03,102.03,-,109.03,109.03,109.03,109.03,109.03,109.03,109.03,109.03,109.03,109.03,109.03,109.03,-,100,100,100,100,100,100,100,100,100,100,100,100,-,-,-,-,-,-,-,-,-,-,-,-,-,-
KAB KAMPAR,109.53,109.4,106.94,106.95,106.95,106.59,106.31,105.75,106.08,106.08,106.13,106.13,-,113,112.74,107.7,107.72,107.72,107,106.43,105.27,105.27,105.27,105.37,105.37,-,111.32,111.32,111.32,111.32,111.32,111.32,111.32,111.32,112.51,112.51,112.51,112.51,-,100,100,100,100,100,100,100,100.01,100.01,100.01,100.01,100.01,-,-,-,-,-,-,-,-,-,-,-,-,-,-
KOTA PEKANBARU,101.89,101.9,101.89,102.28,102.38,102.39,102.39,102.41,102.48,102.37,103.76,103.87,-,102.58,102.59,102.57,102.57,102.84,102.86,102.86,102.93,103.1,102.83,102.84,103.13,-,100.36,100.36,100.36,102.39,102.39,102.39,102.39,102.39,102.39,102.39,103.31,103.31,-,101.93,101.93,101.93,101.93,101.93,101.93,101.93,101.93,101.93,101.93,104.94,104.94,-,102.33,102.33,102.33,102.33,102.33,102.33,102.33,102.33,102.33,102.33,102.33,102.33,-
KOTA DUMAI,104.8,104.98,105.11,105.13,105.13,105.13,105.19,105.71,105.55,105.74,105.74,105.74,-,105.77,106.1,106.27,106.3,106.3,106.3,106.42,106.42,105.43,105.8,105.8,105.8,-,100.58,100.58,100.58,100.58,100.58,100.58,100.58,102.08,103.15,103.15,103.15,103.15,-,112.07,112.07,112.4,112.4,112.4,112.4,112.4,112.4,112.4,112.4,112.4,112.4,-,-,-,-,-,-,-,-,-,-,-,-,-,-
KAB KERINCI,100.01,100.3,100.66,100.69,100.69,100.69,100.69,100.99,100.99,101.01,101.49,101.62,-,96.45,97.21,97.21,97.29,97.29,97.29,97.29,98.08,98.08,98.13,99.38,99.71,-,103.56,103.56,104.51,104.51,104.51,104.51,104.51,104.51,104.51,104.51,104.51,104.51,-,100,100,100,100,100,100,100,100,100,100,100,100,-,-,-,-,-,-,-,-,-,-,-,-,-,-
MUARA BUNGO,104.38,104.65,104.65,104.83,104.83,104.91,105.12,105.21,105.21,105.71,105.71,105.71,-,105.31,106.13,106.13,106.69,106.69,106.95,107.61,107.89,107.89,109.42,109.42,109.42,-,103.94,103.94,103.94,103.94,103.94,103.94,103.94,103.94,103.94,103.94,103.94,103.94,-,103.93,103.93,103.93,103.93,103.93,103.93,103.93,103.93,103.93,103.93,103.93,103.93,-,-,-,-,-,-,-,-,-,-,-,-,-,-
KOTA JAMBI,101.88,101.57,101.05,101.29,101.63,101.51,101.67,101.72,101.47,101.48,100.25,99.39,-,103.9,103.25,102.19,102.67,103.39,103.14,103.47,103.56,103.05,103.07,100.52,98.74,-,100,100,100,100,100,100,100,100,100,100,100,100,-,100,100,100,100,100,100,100,100,100,100,100,100,-,-,-,-,-,-,-,-,-,-,-,-,-,-
KAB OGAN KOMERING ILIR,102.39,102.39,102.84,102.84,102.81,102.84,105.81,105.81,105.81,105.81,105.81,105.81,-,105.65,105.65,106.71,106.71,106.65,106.71,106.71,106.71,106.71,106.71,106.71,106.71,-,100,100,100,100,100,100,106.99,106.99,106.99,106.99,106.99,106.99,-,100,100,100,100,100,100,100,100,100,100,100,100,-,-,-,-,-,-,-,-,-,-,-,-,-,-
KAB MUARA ENIM,100.72,100.61,101.05,101.75,101.75,102.89,102.89,102.83,103.14,103.14,103.16,103.16,-,99.53,99.25,100.34,102.03,102.03,104.3,104.3,104.15,104.89,104.89,104.94,104.94,-,102.27,102.27,102.27,102.27,102.27,102.79,102.79,102.79,102.79,102.79,102.79,102.79,-,100,100,100,100,100,100,100,100,100,100,100,100,-,-,-,-,-,-,-,-,-,-,-,-,-,-
KOTA PALEMBANG,101.75,101.86,101.67,101.67,101.75,101.8,102.17,102.52,102.57,102.57,102.76,103.03,-,102.2,102.41,102.04,102.04,102.19,102.3,103,103.13,103.24,103.23,103.6,104.13,-,100,100,100,100,100,100,100,100.35,100.35,100.35,100.35,100.35,-,100,100,100,100,100,100,100,100,100,100,100,100,-,108.45,108.45,108.45,108.45,108.45,108.45,108.45,111.13,111.13,111.13,111.13,111.13,-
KOTA LUBUK LINGGAU,102.43,102.53,102.53,102.53,102.52,102.58,102.47,102.65,102.69,102.84,102.86,102.89,-,104.34,104.56,104.56,104.56,104.54,104.68,104.44,104.69,104.77,105.11,105.16,105.21,-,100.26,100.26,100.26,100.26,100.26,100.26,100.26,100.55,100.55,100.55,100.55,100.55,-,101.66,101.66,101.66,101.66,101.66,101.66,101.66,101.66,101.66,101.66,101.66,101.66,-,100,100,100,100,100,100,100,100,100,100,100,100,-
KAB MUKO MUKO,103.12,103.12,103.12,103.12,103.12,106.15,106.15,106.15,106.15,106.15,106.15,106.15,-,108.25,108.25,108.25,108.25,108.25,115.81,115.81,115.81,115.81,115.81,115.81,115.81,-,100,100,100,100,100,100.39,100.39,100.39,100.39,100.39,100.39,100.39,-,100,100,100,100,100,100,100,100,100,100,100,100,-,-,-,-,-,-,-,-,-,-,-,-,-,-
KOTA BENGKULU,103.38,103.29,103.75,103.71,104.89,105.17,105.12,105.42,105.54,105.66,105.95,106.14,-,102.25,102.03,103.15,103.07,103.2,103.89,103.78,104.51,104.81,105.1,105.81,105.79,-,107.46,107.46,107.46,107.46,107.46,107.46,107.46,107.46,107.46,107.46,107.46,108.14,-,100.46,100.46,100.46,100.46,105.1,105.1,105.1,105.1,105.1,105.1,105.1,105.1,-,103.04,103.04,103.04,103.04,103.04,103.04,103.04,103.04,103.04,103.04,103.04,103.04,-
KAB LAMPUNG TIMUR,102.26,102.26,102.26,102.15,101.9,102.2,102.07,102.32,103.2,104.09,104.21,104.46,-,102.44,102.44,102.44,102.15,101.51,102.27,101.95,102.58,102.58,102.58,102.88,103.51,-,102.69,102.69,102.69,102.69,102.69,102.69,102.69,102.69,104.8,106.92,106.92,106.92,-,101.18,101.18,101.18,101.18,101.18,101.18,101.18,101.18,101.18,101.18,101.18,101.18,-,100,100,100,100,100,100,100,100,100,100,100,100,-
KAB MESUJI,112.56,112.56,112.56,112.56,112.56,112.56,112.56,112.56,112.56,112.62,112.62,112.62,-,109.14,109.14,109.14,109.14,109.14,109.14,109.14,109.14,109.14,109.35,109.35,109.35,-,127.16,127.16,127.16,127.16,127.16,127.16,127.16,127.16,127.16,127.16,127.16,127.16,-,100,100,100,100,100,100,100,100,100,100,100,100,-,107.7,107.7,107.7,107.7,107.7,107.7,107.7,107.7,107.7,107.7,107.7,107.7,-
KOTA BANDAR LAMPUNG,102.17,102.71,102.14,102.46,100.87,100.92,100.85,102.52,102.68,102.68,103.56,103.08,-,102.05,102.49,101.37,102,98.87,98.97,98.84,102.1,102.41,102.41,104.14,103.2,-,100.74,101.84,101.84,101.84,101.84,101.84,101.84,101.84,101.84,101.84,101.84,101.84,-,100,100,100,100,100,100,100,100,100,100,100,100,-,108.89,108.89,108.89,108.89,108.89,108.89,108.89,108.89,108.89,108.89,108.89,108.89,-
KOTA METRO,101.71,101.71,101.51,101.49,101.99,102.37,102.13,102.16,102.26,102.35,102.68,103.09,-,101.67,101.67,101.23,101.19,101.19,102.02,101.51,101.56,101.79,101.98,102.72,102.72,-,102.91,102.91,102.91,102.91,104.43,104.43,104.43,104.43,104.43,104.43,104.43,105.67,-,100,100,100,100,100,100,100,100,100,100,100,100,-,100,100,100,100,100,100,100,100,100,100,100,100,-
TANJUNG PANDAN,102.6,102.6,102.6,102.6,102.6,101.17,101.2,101.2,101.2,101.23,101.23,101.37,-,103.19,103.19,103.19,103.19,103.19,100.48,100.54,100.54,100.54,100.54,100.54,100.81,-,103.15,103.15,103.15,103.15,103.15,103.15,103.15,103.15,103.15,103.15,103.15,103.15,-,100,100,100,100,100,100,100,100,100,100,100,100,-,100,100,100,100,100,100,100,100,100,100.41,100.41,100.41,-
KAB BANGKA BARAT,99.75,99.75,99.75,99.75,99.75,99.75,99.68,99.68,99.76,99.71,99.75,99.75,-,99.5,99.5,99.5,99.5,99.5,99.5,99.35,99.35,99.52,99.42,99.5,99.5,-,100,100,100,100,100,100,100,100,100,100,100,100,-,100,100,100,100,100,100,100,100,100,100,100,100,-,-,-,-,-,-,-,-,-,-,-,-,-,-
KAB BELITUNG TIMUR,105.07,105.27,105.36,105.4,105.4,105.4,105.41,105.4,105.4,105.46,106.02,106.02,-,105.27,105.8,106.04,106.12,106.13,106.13,106.16,106.14,106.14,106.29,107.76,107.76,-,118.53,118.53,118.53,118.53,118.53,118.53,118.53,118.53,118.53,118.53,118.53,118.53,-,100,100,100,100,100,100,100,100,100,100,100,100,-,-,-,-,-,-,-,-,-,-,-,-,-,-
KOTA PANGKAL PINANG,110.18,110.15,110.08,110.08,110.54,110.62,110.62,111,111.75,112.05,111.42,111.85,-,103.19,103.14,103.01,103.01,103.85,103.99,103.99,104.69,105.66,106.21,105.07,105.84,-,119.84,119.84,119.84,119.84,119.84,119.84,119.84,119.84,120.13,120.13,120.13,120.13,-,115.94,115.94,115.94,115.94,115.94,115.94,115.94,115.94,116.51,116.51,116.51,116.51,-,122.09,122.09,122.09,122.09,122.09,122.09,122.09,122.09,123,123,123,123,-
KAB KARIMUN,109.28,109.39,109.29,108.86,109.53,109.53,109.53,110.3,110.3,110.38,110.38,110.38,-,99.15,99.34,99.17,98.41,98.02,98.02,98.02,99.36,99.36,99.49,99.49,99.49,-,100,100,100,100,103.04,103.04,103.04,103.04,103.04,103.04,103.04,103.04,-,175.85,175.85,175.85,175.85,175.85,175.85,175.85,175.85,175.85,175.85,175.85,175.85,-,-,-,-,-,-,-,-,-,-,-,-,-,-
KOTA BATAM,102.37,102.55,102.89,102.89,102.92,102.94,102.94,103,102.99,102.9,103.02,103.17,-,101.06,101.41,102.1,102.1,102.15,102.21,102.21,102.32,102.3,101.92,102.17,102.48,-,100.18,100.18,100.18,100.18,100.18,100.18,100.18,100.18,100.18,100.6,100.6,100.6,-,108.86,108.86,108.86,108.86,108.86,108.86,108.86,108.86,108.86,108.86,108.86,108.86,-,100.18,100.18,100.18,100.18,100.18,100.18,100.18,100.18,100.18,100.18,100.18,100.18,-
KOTA TANJUNG PINANG,105.38,106.56,106.57,106.53,106.91,106.92,107,107,106.96,107.4,107.4,107.4,-,100.65,102.54,102.56,102.49,103.1,103.13,103.26,103.24,103.18,103.9,103.9,103.9,-,111,111,111,111,111,111,111,111,111,111,111,111,-,135.1,135.1,135.1,135.1,135.1,135.1,135.1,135.1,135.1,135.1,135.1,135.1,-,100,100,100,100,100,100,100,100,100,100,100,100,-
KOTA JAKARTA,102.73,103.03,103.23,103.24,103.35,103.25,103.08,103.07,102.82,102.9,103.03,104.09,-,104.56,104.75,105.15,105.17,104.94,104.74,104.37,104.34,103.84,103.89,104.15,104.36,-,101.7,102.95,102.95,102.95,104.28,104.28,104.39,104.39,104.39,104.74,104.74,105.71,-,100,100,100,100,100,100,100,100,100,100,100,103.02,-,102.24,102.24,102.24,102.24,102.24,102.24,102.24,102.24,102.24,102.24,102.24,102.24,-
KAB BANDUNG,104.21,104.21,104.21,104.21,104.38,104.41,104.45,104.45,104.68,104.68,104.68,104.68,-,102.99,102.99,102.99,102.99,102.99,102.99,103.03,103.03,103.52,103.52,103.52,103.52,-,106.11,106.11,106.11,106.11,106.54,106.62,106.66,106.66,106.72,106.72,106.72,106.72,-,102.99,102.99,102.99,102.99,102.99,102.99,102.99,102.99,102.99,102.99,102.99,102.99,-,-,-,-,-,-,-,-,-,-,-,-,-,-
KAB MAJALENGKA,101.49,101.7,101.93,101.95,101.99,102.13,102.63,103.36,103.66,104.18,104.78,104.78,-,102.73,103.37,103.89,103.94,104.06,104.49,106.05,105.9,105.9,107.51,109.35,109.35,-,101.47,101.47,101.61,101.61,101.61,101.61,101.61,103.48,104.19,104.19,104.19,104.19,-,100,100,100,100,100,100,100,100,100,100,100,100,-,-,-,-,-,-,-,-,-,-,-,-,-,-
KAB SUBANG,103.84,104.28,104.63,104.63,104.63,104.63,105.04,105.04,105.04,105.04,105.04,105.04,-,105.08,105.08,105.84,105.84,105.84,105.84,105.84,105.84,105.84,105.84,105.84,105.84,-,104.12,105.3,105.3,105.3,105.3,105.3,106.41,106.41,106.41,106.41,106.41,106.41,-,100,100,100,100,100,100,100,100,100,100,100,100,-,-,-,-,-,-,-,-,-,-,-,-,-,-
KOTA BOGOR,102.59,102.74,102.94,102.84,102.83,103.33,103.33,103.71,103.29,103.97,103.97,104.76,-,105,105.38,105.91,105.65,105.63,106.92,106.92,107.01,105.91,106.32,106.33,107.62,-,103.28,103.28,103.28,103.28,103.28,103.28,103.28,103.28,103.28,105.85,105.85,107.3,-,100,100,100,100,100,100,100,100,100,100,100,100,-,100,100,100,100,100,100,100,105.3,105.3,105.3,105.3,105.3,-
KOTA SUKABUMI,103.85,104.75,104.89,104.89,104.91,104.91,105.22,105.22,105.22,107.1,108.01,108.07,-,104.14,105.77,106.08,106.08,106.08,106.08,106.74,106.74,106.74,106.74,108.09,108.22,-,104.91,105.53,105.53,105.53,105.53,105.53,105.53,105.53,105.53,105.53,106.65,106.65,-,103.03,103.03,103.03,103.03,103.03,103.03,103.03,103.03,103.03,110.83,110.83,110.83,-,100.56,100.56,100.56,100.56,100.87,100.87,100.87,100.87,100.87,100.87,101.16,101.16,-
KOTA BANDUNG,105.39,105.38,105.6,105.85,105.88,105.91,106.01,105.96,105.96,106.1,106.3,106.81,-,104.98,104.93,105.41,105.93,106,106.06,106.27,106.16,106.16,106.46,106.89,107.97,-,107.06,107.06,107.06,107.06,107.06,107.06,107.06,107.06,107.06,107.06,107.06,107.06,-,105.55,105.55,105.55,105.55,105.55,105.55,105.55,105.55,105.55,105.55,105.55,105.55,-,100.19,100.42,100.42,100.42,100.42,100.42,100.42,100.42,100.42,100.42,100.42,100.42,-
KOTA CIREBON,101.67,101.67,101.7,101.7,101.63,101.63,101.43,101.65,101.72,101.68,101.41,101.73,-,103.06,103.06,103.12,103.13,102.98,102.98,102.61,102.61,102.74,102.67,102.16,102.1,-,100,100,100,100,100,100,100,100,100,100,100,100,-,100,100,100,100,100,100,100,101.77,101.77,101.77,101.77,101.77,-,100.85,100.85,100.85,100.85,100.85,100.85,100.85,100.85,100.85,100.85,100.85,107.35,-
KOTA BEKASI,105.73,105.76,105.78,106.14,106.14,106.46,106.4,106.4,106.52,106.52,106.52,106.55,-,105.77,105.77,105.81,105.9,105.9,105.91,105.75,105.75,105.75,105.75,105.75,105.75,-,105.17,105.37,105.37,107.28,107.28,107.42,107.42,107.42,108.14,108.14,108.14,108.33,-,105.88,105.88,105.88,105.88,105.88,105.88,105.88,105.88,105.88,105.88,105.88,105.88,-,106.12,106.12,106.12,106.12,106.12,110.37,110.37,110.37,110.37,110.37,110.37,110.37,-
KOTA DEPOK,101.53,101.89,103.35,103.36,103.47,103.66,103.69,103.84,103.91,104.06,104.12,104.1,-,101.69,102.87,102.98,103.01,103.32,103.93,104.04,104.05,104.22,104.7,104.9,104.7,-,104.91,104.91,107.23,107.23,107.27,107.27,107.27,108.01,108.09,108.09,108.09,108.27,-,100,100,102.36,102.36,102.36,102.36,102.36,102.36,102.36,102.36,102.36,102.36,-,100,100,100,100,100,100,100,100,100,100,100,100,-
KOTA TASIKMALAYA,102.54,102.55,102.72,102.77,102.78,102.78,102.78,102.83,103.36,103.5,103.67,103.82,-,103.51,103.22,103.28,103.46,103.46,103.48,103.48,103.63,103.8,104.05,104.6,105.07,-,101.53,101.53,101.96,101.96,101.96,101.96,101.96,101.96,102.87,102.87,102.87,102.87,-,102.76,102.76,102.76,102.76,102.76,102.76,102.76,102.76,102.76,102.76,102.76,102.76,-,102.65,104.05,104.05,104.05,104.05,104.05,104.05,104.05,106.31,107.26,107.26,107.26,-
CILACAP,103.97,104.71,105.76,105.79,105.86,106.37,106.4,106.47,106.69,106.72,106.86,106.99,-,104.76,104.82,104.92,104.98,105.15,105.87,105.95,106.13,106.67,106.74,107.09,107.41,-,105.74,108.39,108.39,108.39,108.39,109.2,109.2,109.2,109.2,109.2,109.2,109.2,-,100,100,103.79,103.79,103.79,103.79,103.79,103.79,103.79,103.79,103.79,103.79,-,108.44,108.44,108.44,108.44,108.44,108.45,108.45,108.45,108.45,108.45,108.45,108.45,-
PURWOKERTO,102.31,102.42,102.43,102.52,102.59,102.59,102.67,102.7,102.99,103.16,103.24,103.29,-,103.51,103.8,103.84,104.09,104.21,104.22,104.41,104.49,104.81,105.25,105.46,105.47,-,103.02,103.02,103.02,103.02,103.02,103.02,103.02,103.02,103.71,103.71,103.71,103.71,-,100,100,100,100,100,100,100,100,100,100,100,100,-,105.64,105.64,105.64,105.64,106.24,106.24,106.24,106.24,106.24,106.24,106.24,107.61,-
KAB WONOSOBO,100.82,100.82,100.82,100.82,101.19,101.18,101.18,101.18,101.18,101.18,101.25,101.81,-,102.08,102.08,102.08,102.08,103.42,103.39,103.39,103.39,103.39,103.39,103.61,103.61,-,100.8,100.8,100.8,100.8,100.8,100.8,100.8,100.8,100.8,100.8,100.8,101.8,-,100,100,100,100,100,100,100,100,100,100,100,100.62,-,-,-,-,-,-,-,-,-,-,-,-,-,-
KAB WONOGIRI,101.92,102.14,103.99,103.99,103.85,104.07,104.1,104.31,104.61,104.65,104.65,104.73,-,101.81,102.53,103.36,103.36,102.92,103.18,103.3,103.96,103.75,103.75,103.75,104.02,-,104.66,104.66,104.66,104.66,104.66,105.12,105.12,105.13,106.38,106.51,106.51,106.51,-,100,100,103.98,103.98,103.98,103.98,103.98,103.98,103.98,103.98,103.98,103.98,-,-,-,-,-,-,-,-,-,-,-,-,-,-
KAB REMBANG,108.38,108.23,108.68,108.68,108.49,108.55,108.65,108.8,109.07,109.46,109.48,109.67,-,104.48,103.25,103.83,103.83,103.37,103.53,103.76,103.88,104.53,104.89,104.93,105.41,-,124.45,125.7,126.5,126.5,126.5,126.5,126.5,126.9,126.9,127.84,127.84,127.84,-,100,100,100,100,100,100,100,100,100,100,100,100,-,-,-,-,-,-,-,-,-,-,-,-,-,-
KUDUS,101.82,101.82,101.86,101.88,101.88,101.99,102.08,102.12,102.4,102.44,102.65,102.65,-,105.04,105.06,105.17,105.24,105.23,105.56,105.85,105.96,106.46,106.59,107.22,107.21,-,100.32,100.32,100.32,100.32,100.32,100.32,100.32,100.32,100.84,100.84,100.84,100.84,-,100,100,100,100,100,100,100,100,100,100,100,100,-,101.2,101.2,101.2,101.2,101.2,101.2,101.2,101.2,101.2,101.2,101.2,101.2,-
KOTA SURAKARTA,102.34,102.08,102.54,102.69,102.71,102.86,102.88,102.79,102.75,102.87,102.87,102.85,-,105.64,104.94,105.55,105.93,105.98,106.37,106.41,106.17,106.09,106.39,106.4,106.35,-,100.52,100.52,100.52,100.52,100.52,100.52,100.52,100.52,100.52,100.52,100.52,100.52,-,100,100,100,100,100,100,100,100,100,100,100,100,-,100.7,100.7,104.77,104.77,104.77,104.77,104.77,104.77,104.77,104.77,104.77,104.77,-
KOTA SEMARANG,101.72,101.77,101.69,101.77,101.89,101.73,101.81,101.97,102.11,102.26,102.31,102.53,-,104.85,104.89,104.68,104.91,105.24,104.79,105.01,105.46,105.87,105.92,106.07,106.69,-,100,100,100,100,100,100,100,100,100,100,100,100,-,100,100,100,100,100,100,100,100,100,100,100,100,-,100,100.75,100.75,100.75,100.75,100.75,100.75,100.75,100.75,103.19,103.19,103.19,-
KOTA TEGAL,102.36,110.46,110.57,110.9,110.93,110.97,111.06,111.27,111.23,111.4,111.63,111.63,-,103.49,103.61,103.58,104.3,104.36,104.39,104.58,105.04,104.97,105.32,105.83,105.83,-,102.95,107.82,108.32,108.32,108.32,108.32,108.32,108.32,108.32,108.32,108.32,108.32,-,100,127.13,127.13,127.13,127.13,127.13,127.13,127.13,127.13,127.13,127.13,127.13,-,100.42,100.42,100.42,100.42,100.42,101.25,101.25,101.25,101.25,101.25,101.25,101.25,-
KAB GUNUNGKIDUL,102.23,102.45,102.48,102.48,103.48,103.97,103.99,104.62,104.97,105.07,105.53,105.52,-,102.43,102.43,102.5,102.5,105.14,106.44,106.47,108.14,107.86,108.12,108.75,108.72,-,103,103.53,103.53,103.53,103.53,103.53,103.53,103.53,103.53,103.53,104.05,104.05,-,100,100,100,100,100,100,100,100,102.45,102.45,102.45,102.45,-,-,-,-,-,-,-,-,-,-,-,-,-,-
KOTA YOGYAKARTA,105.67,105.74,105.92,105.98,106.06,106.07,106.28,106.32,106.34,106.38,106.72,106.67,-,106.47,106.62,107,107.12,107.3,107.33,107.8,107.88,107.93,108,108.41,108.29,-,107.48,107.48,107.48,107.48,107.48,107.48,107.48,107.48,107.48,107.48,108.01,108.01,-,100.93,100.93,100.93,100.93,100.93,100.93,100.93,100.93,100.93,100.93,100.93,100.93,-,107.73,107.73,107.73,107.73,107.73,107.73,107.73,107.73,107.73,107.73,107.95,107.95,-
KAB TULUNGAGUNG,99.61,99.61,99.61,99.62,99.62,99.62,99.9,99.9,99.9,99.9,100.06,100.06,-,99.11,99.11,99.11,99.14,99.14,99.14,99.77,99.77,99.77,99.77,100.15,100.15,-,100,100,100,100,100,100,100,100,100,100,100,100,-,100,100,100,100,100,100,100,100,100,100,100,100,-,100,100,100,100,100,100,100,100,100,100,100,100,-
JEMBER,100.65,100.58,101.05,100.99,100.78,100.58,100.24,100.06,100.02,100.08,100.11,100.16,-,100.5,100.29,100.94,100.82,100.43,100.05,99.27,98.94,98.85,98.97,99.02,99.11,-,100.47,100.55,100.55,100.55,100.55,100.55,100.55,100.55,100.55,100.55,100.55,100.55,-,100,100,100.59,100.59,100.59,100.59,100.59,100.59,100.59,100.59,100.59,100.59,-,105.09,105.52,105.52,105.52,105.52,105.52,106.89,106.89,106.89,106.89,106.89,106.89,-
BANYUWANGI,104.35,104.3,104.3,104.39,104.5,104.58,104.58,104.58,104.59,106.94,106.94,106.94,-,107.26,107.16,107.16,107.33,107.55,107.71,107.71,107.71,107.73,112.17,112.17,112.17,-,102.18,102.18,102.18,102.18,102.18,102.18,102.18,102.18,102.18,102.43,102.43,102.43,-,100,100,100,100,100,100,100,100,100,100,100,100,-,100,100,100,100,100,100,100,100,100,100,100,100,-
KAB BOJONEGORO,102.28,104.83,105.42,104.27,104.24,104.87,104.88,105.56,106.18,106.19,106.8,107.02,-,102.53,106.73,106.77,104.4,104.35,104.61,104.65,106.03,107.3,107.33,108.01,108.46,-,100.87,100.87,103.16,103.16,103.16,105.15,105.15,105.15,105.15,105.15,106.3,106.3,-,102.33,104.64,104.64,104.64,104.64,104.64,104.64,104.64,104.64,104.64,104.64,104.64,-,107.2,107.2,107.2,107.2,107.2,107.2,107.2,107.2,107.2,107.2,107.2,107.2,-
KAB GRESIK,105.71,105.75,105.48,105.48,105.71,105.7,106.18,105.38,105.17,105.24,105.61,105.63,-,105.39,105.47,104.93,104.93,105.39,105.37,106.36,104.72,104.28,104.42,105.18,105.22,-,105.29,105.29,105.29,105.29,105.29,105.29,105.29,105.29,105.29,105.29,105.29,105.29,-,108.54,108.54,108.54,108.54,108.54,108.54,108.54,108.54,108.54,108.54,108.54,108.54,-,101.76,101.76,101.76,101.76,101.76,101.76,101.76,101.76,101.76,101.76,101.76,101.76,-
SUMENEP,104.34,104.43,104.61,104.91,104.91,104.91,104.91,104.91,104.91,104.91,105.01,105.03,-,109.12,109.33,109.33,109.33,109.33,109.33,109.33,109.33,109.33,109.33,109.57,109.6,-,100.62,100.62,101.18,102.08,102.08,102.08,102.08,102.08,102.08,102.08,102.08,102.11,-,100,100,100,100,100,100,100,100,100,100,100,100,-,104.73,104.73,104.73,104.73,104.73,104.73,104.73,104.73,104.73,104.73,104.73,104.73,-
KOTA KEDIRI,100.39,100.48,100.62,100.62,100.8,100.8,100.8,100.86,101.08,101.08,101.08,101.12,-,100.09,100.24,100.24,100.24,100.55,100.55,100.55,100.66,100.93,100.93,100.93,101.01,-,100.78,100.78,101.4,101.4,101.4,101.4,101.4,101.4,101.68,101.68,101.68,101.68,-,100,100,100,100,100,100,100,100,100,100,100,100,-,102.32,102.32,102.32,102.32,102.32,102.32,102.32,102.32,102.32,102.32,102.32,102.32,-
KOTA MALANG,102.02,102.24,103.92,104.09,104.11,103.7,103.77,103.94,104.18,104.63,104.72,104.73,-,102.44,102.93,103.1,103.49,103.53,102.61,102.76,103.15,103.68,104.52,104.6,104.62,-,100.92,100.92,102.1,102.1,102.1,102.1,102.1,102.1,102.1,102.4,102.6,102.61,-,100,100,105.28,105.28,105.28,105.28,105.28,105.28,105.28,105.28,105.28,105.28,-,110.32,110.32,111.45,111.45,111.45,111.45,111.45,111.45,111.45,111.45,111.45,111.45,-
KOTA PROBOLINGGO,102.56,102.6,102.6,102.71,102.87,103.05,103.09,103.09,103.1,103.4,103.41,103.48,-,104.58,104.67,104.68,104.83,105.09,105.51,105.6,105.6,105.6,106.3,106.32,106.48,-,102.73,102.73,102.73,102.93,103.17,103.17,103.17,103.17,103.2,103.2,103.2,103.2,-,100,100,100,100,100,100,100,100,100,100,100,100,-,100,100,100,100,100,100,100,100,100,100,100,100,-
KOTA MADIUN,103.46,103.56,103.6,103.62,103.7,103.75,103.9,103.77,104.32,104.3,104.77,104.88,-,102.93,103.15,103.22,103.27,103.43,103.53,103.85,103.58,104.72,104.69,105.66,105.88,-,100.52,100.52,100.52,100.52,100.52,100.52,100.52,100.52,100.52,100.52,100.52,100.52,-,106.17,106.17,106.17,106.17,106.17,106.17,106.17,106.17,106.17,106.17,106.17,106.17,-,104.09,104.09,104.09,104.09,104.09,104.09,104.09,104.09,104.09,104.09,104.09,104.09,-
KOTA SURABAYA,105.66,105.74,106.09,106.34,106.32,106.58,106.79,106.82,106.9,107.11,107.12,107.25,-,107,107.28,108.15,109.01,108.94,109.01,109.72,109.46,109.72,110.42,110.47,110.92,-,105.2,105.2,105.5,105.5,105.5,105.95,105.95,106.26,106.26,106.26,106.26,106.26,-,100,100,100,100,100,100,100,100,100,100,100,100,-,112.73,112.73,112.73,112.73,112.73,113.34,113.34,113.47,113.47,113.47,113.47,113.47,-
KAB PANDEGLANG,102.86,103.19,103.33,103.67,103.95,105,105.48,105.52,105.52,105.93,106,107.18,-,105.12,105.11,105.66,107.01,105.95,105.95,107.87,107.99,107.99,107.94,108.24,108.36,-,101.54,102.26,102.26,102.26,103.48,105.8,105.8,105.8,105.8,106.74,106.74,109.28,-,103.35,103.35,103.35,103.35,103.35,103.35,103.35,103.35,103.35,103.35,103.35,103.35,-,100.97,100.97,100.97,100.97,100.97,100.97,100.97,100.97,100.97,100.97,100.97,100.97,-
KAB LEBAK,102.99,103.17,103.17,103.37,103.37,103.37,103.37,103.5,103.5,104.06,104.06,104.88,-,105.62,106.07,106.07,106.54,106.54,106.54,106.54,106.87,106.87,108.23,108.23,110.23,-,101.82,101.82,101.82,101.82,101.82,101.82,101.82,101.82,101.82,101.82,101.82,101.82,-,100,100,100,100,100,100,100,100,100,100,100,100,-,-,-,-,-,-,-,-,-,-,-,-,-,-
KOTA TANGERANG,102.17,102.55,103.33,103.34,103.46,103.5,104.02,103.56,103.6,103.82,104.04,104.34,-,96.95,97.95,100,100.03,100.37,100.47,101.84,100.62,100.7,100.76,101.35,102.14,-,103.43,103.43,103.43,103.43,103.43,103.43,103.43,103.43,103.48,104.31,104.31,104.31,-,106.62,106.62,106.62,106.62,106.62,106.62,106.62,106.62,106.62,106.62,106.62,106.62,-,105.98,105.98,105.98,105.98,105.98,105.98,105.98,105.98,105.98,105.98,105.98,105.98,-
KOTA CILEGON,102.03,102.48,102.56,102.56,101.47,101.47,101.87,101.88,101.83,101.83,101.88,101.88,-,104.9,106.25,106.47,106.47,103.25,103.25,104.42,104.45,104.31,104.33,104.45,104.45,-,100.98,100.98,100.98,100.98,100.98,100.98,100.98,100.98,100.98,100.98,100.98,100.98,-,100,100,100,100,100,100,100,100,100,100,100,100,-,102.25,102.25,102.25,102.25,102.25,102.25,102.25,102.25,102.25,102.25,102.25,102.25,-
KOTA SERANG,102.65,103.42,104.26,104.21,104.89,104.83,104.94,105.27,105.38,105.6,105.2,105.51,-,99.82,100.33,102.38,102.25,102.92,102.77,103.04,103.85,104.1,104.65,103.66,104.42,-,110.05,112.24,112.24,112.24,113.82,113.82,113.82,113.82,113.82,113.82,113.82,113.82,-,100.44,100.44,100.44,100.44,100.44,100.44,100.44,100.44,100.44,100.44,100.44,100.44,-,-,-,-,-,-,-,-,-,-,-,-,-,-
KAB TABANAN,104.57,104.63,104.6,104.79,105.19,105.35,105.45,105.5,105.53,105.31,105.31,105.31,-,108.7,108.82,108.77,109.14,109.96,110.29,110.49,110.6,110.65,110.21,110.21,110.21,-,100.32,100.32,100.32,100.32,100.32,100.32,100.32,100.32,100.32,100.32,100.32,100.32,-,100,100,100,100,100,100,100,100,100,100,100,100,-,102.27,102.27,102.27,102.27,102.27,102.27,102.27,102.27,102.27,102.27,102.27,102.27,-
KAB BADUNG,104.51,104.57,104.57,104.74,104.76,104.76,104.83,104.78,104.78,104.78,104.78,104.78,-,100.47,100.6,100.6,100.95,100.95,100.95,101.1,100.99,100.98,100.98,100.98,100.98,-,100.2,100.2,100.2,100.2,100.2,100.2,100.2,100.2,100.2,100.2,100.2,100.2,-,119.44,119.44,119.44,119.44,119.44,119.44,119.44,119.44,119.44,119.44,119.44,119.44,-,100,100,100,100,100.6,100.6,100.6,100.6,100.6,100.6,100.6,100.6,-
SINGARAJA,102.37,102.38,102.41,102.41,102.85,103.24,103.84,103.96,104.23,104.27,104.47,104.93,-,100.9,100.93,100.98,100.98,100.98,101.03,100.88,101.14,101.53,101.63,102.06,103.06,-,103.94,103.94,103.94,103.94,105.09,106.06,107.78,107.78,107.78,107.78,107.78,107.78,-,100,100,100,100,100,100,100,100,100,100,100,100,-,111.34,111.34,111.34,111.34,111.34,111.34,111.34,111.34,113.75,113.75,113.75,113.75,-
KOTA DENPASAR,100.03,99.58,99.6,99.69,98.02,98.09,98.59,98.74,98.96,98.78,98.79,98.88,-,99.93,99.15,99.15,99.18,96.29,96.35,96.46,96.61,96.99,96.67,96.7,96.85,-,100,100,100,100.24,100.24,100.35,101.92,102.16,102.16,102.16,102.16,102.16,-,100,100,100,100,100,100,100,100,100,100,100,100,-,101.98,101.98,102.67,102.67,102.67,102.67,102.67,102.67,102.67,102.67,102.67,102.67,-
KAB SUMBAWA`,101.78,101.89,102.09,101.9,101.94,101.94,101.99,101.99,102.43,102.57,102.94,103.11,-,105.98,106.35,107.01,106.37,106.5,106.5,106.65,106.65,108.13,108.62,108.62,109.19,-,100,100,100,100,100,100,100,100,100,100,100.9,100.9,-,100,100,100,100,100,100,100,100,100,100,100,100,-,100,100,100,100,100,100,100,100,100,100,100,100,-
KOTA MATARAM,101.66,101.62,101.6,101.57,101.74,101.78,101.91,101.93,101.88,101.98,102.98,102.98,-,101.08,100.99,100.95,100.88,101.28,101.39,101.43,101.44,101.33,101.56,101.36,101.34,-,101.76,101.76,101.76,101.76,101.76,101.76,101.76,101.84,101.84,101.84,101.84,101.84,-,101.58,101.58,101.58,101.58,101.58,101.58,101.58,101.58,101.58,101.58,105.07,105.07,-,106.24,106.24,106.24,106.24,106.24,106.24,108.35,108.35,108.35,108.35,108.35,108.35,-
KOTA BIMA,101.08,101.13,101.13,101.13,101.35,101.38,102.2,105.95,105.96,106.08,106.08,106.33,-,102.41,102.51,102.52,102.52,103.02,103.09,104.91,104.26,104.28,104.54,104.54,105.1,-,100,100,100,100,100,100,100,100,100,100,100,100,-,100,100,100,100,100,100,100,113.62,113.62,113.62,113.62,113.62,-,100,100,100,100,100,100,100,100,100,100,100,100,-
WAINGAPU,105.44,106.22,106.55,105.22,105.22,105.22,105.22,105.22,105.06,105.06,105.06,105.06,-,103.34,104.51,105.01,103,103,103,103,103,102.76,102.76,102.76,102.76,-,118.11,118.11,118.11,118.11,118.11,118.11,118.11,118.11,118.11,118.11,118.11,118.11,-,106.27,106.27,106.27,106.27,106.27,106.27,106.27,106.27,106.27,106.27,106.27,106.27,-,100,100,100,100,100,100,100,100,100,100,100,100,-
KAB TIMOR TENGAH SELATAN,103.9,103.9,103.9,103.9,103.9,103.9,104.09,104.09,105.53,105.66,105.65,105.55,-,109.28,109.28,109.28,109.28,109.28,109.28,109.73,109.73,113.17,113.47,113.45,113.22,-,100,100,100,100,100,100,100,100,100,100,100,100,-,100,100,100,100,100,100,100,100,100,100,100,100,-,100,100,100,100,100,100,100,100,100,100,100,100,-
MAUMERE,102.03,102.3,102.25,102.3,102.76,102.34,102.28,102.28,101.92,102.32,102.64,103.09,-,103.49,103.97,103.79,103.88,104.71,103.95,103.84,103.84,103.19,103.91,104.5,105.32,-,100,100,100,100,100,100,100,100,100,100,100,100,-,100,100,100,100,100,100,100,100,100,100,100,100,-,101.72,101.72,102.4,102.4,102.4,102.4,102.4,102.4,102.4,102.4,102.4,102.4,-
KAB NGADA,100.55,100.55,100.55,100.55,100.55,100.55,100.55,100.55,100.55,101.21,101.21,101.21,-,100.07,100.07,100.07,100.07,100.07,100.07,100.07,100.07,100.07,101.09,101.09,101.09,-,102.55,102.55,102.55,102.55,102.55,102.55,102.55,102.55,102.55,102.55,102.55,102.55,-,100,100,100,100,100,100,100,100,100,100,100,100,-,100,100,100,100,100,100,100,100,100,100,100,100,-
KOTA KUPANG,101.69,101.66,101.62,101.59,101.56,101.58,101.66,101.55,101.62,101.62,101.63,101.6,-,103.21,103.14,103.07,103.01,102.95,103.01,103.15,102.95,103.07,103.07,103.08,103.04,-,100,100,100,100,100,100,100,100,100,100,100,100,-,100,100,100,100,100,100,100,100,100,100,100,100,-,100,100,100,100,100,100,100,100,100,100,100,100,-
KAB KETAPANG,105.24,105.24,105.24,105.32,105.27,105.26,105.29,105.23,105.23,105.23,105.27,106.41,-,106.83,106.83,106.83,106.96,106.87,106.87,106.92,106.8,106.8,106.8,106.88,108.84,-,102.25,102.25,102.25,102.25,102.25,102.25,102.25,102.25,102.25,102.25,102.25,102.25,-,104.5,104.5,104.5,104.5,104.5,104.5,104.5,104.5,104.5,104.5,104.5,104.5,-,-,-,-,-,-,-,-,-,-,-,-,-,-
SINTANG,104.49,104.27,104.09,104.38,104.67,103.64,103.41,103.48,103.74,104.15,104.02,105.09,-,105.23,104.8,104.44,105.02,105.6,103.54,103.07,103.21,103.74,104.56,104.28,106.43,-,106.12,106.12,106.12,106.12,106.12,106.12,106.12,106.12,106.12,106.12,106.12,106.12,-,100,100,100,100,100,100,100,100,100,100,100,100,-,-,-,-,-,-,-,-,-,-,-,-,-,-
KAB KAYONG UTARA,105.17,105.18,105.25,105.25,105.25,105.29,105.24,105.24,105.28,105.28,105.28,105.28,-,105.82,105.84,105.94,105.94,105.94,106,105.93,105.93,105.99,105.99,105.99,105.99,-,104.86,104.86,104.86,104.86,104.86,104.86,104.86,104.86,104.86,104.86,104.86,104.86,-,100,100,100,100,100,100,100,100,100,100,100,100,-,-,-,-,-,-,-,-,-,-,-,-,-,-
KOTA PONTIANAK,101.13,101.1,100.88,100.98,100.98,101.09,101.3,101.31,101.07,101.24,101.5,101.5,-,101.48,101.41,100.83,101.05,101.06,101.34,101.86,101.87,101.26,101.7,101.75,101.75,-,103.28,103.28,103.28,103.37,103.37,103.37,103.44,103.44,103.44,103.44,104.81,104.81,-,100,100,100,100,100,100,100,100,100,100,100,100,-,100.11,100.11,100.11,100.11,100.11,100.11,100.11,100.11,100.11,100.11,100.23,100.23,-
KOTA SINGKAWANG,103.86,103.9,103.89,104.05,104.65,104.55,104.68,104,103.97,103.98,103.95,103.98,-,101.51,101.6,101.56,101.93,103.23,103.01,103.3,101.81,101.75,101.76,101.71,101.76,-,101.97,101.97,101.97,101.97,101.97,101.97,101.97,101.97,101.97,101.97,101.97,101.97,-,110.89,110.89,110.89,110.89,110.89,110.89,110.89,110.89,110.89,110.89,110.89,110.89,-,-,-,-,-,-,-,-,-,-,-,-,-,-
SAMPIT,101.42,101.47,101.54,101.54,101.51,101.51,101.53,102.25,102.03,101.93,102.18,102.23,-,103.14,103.27,103.41,103.43,103.34,103.36,103.39,103.46,102.97,102.75,103.32,103.41,-,100,100,100,100,100,100,100,100,100,100,100,100,-,100,100,100,100,100,100,100,100,100,100,100,100,-,100,100,100,100,100,100,100,115.02,115.02,115.02,115.02,115.02,-
KAB KAPUAS,105.34,105.34,105.34,105.48,105.21,105.21,105.32,105.32,105.34,105.4,105.42,105.12,-,95.69,95.69,95.69,95.69,95.14,95.15,95.36,95.36,95.4,95.53,95.56,94.97,-,115.42,115.42,115.42,115.87,115.87,115.87,115.87,115.87,115.87,115.87,115.87,115.87,-,114.47,114.47,114.47,114.47,114.47,114.47,114.47,114.47,114.47,114.47,114.47,114.47,-,-,-,-,-,-,-,-,-,-,-,-,-,-
KAB SUKAMARA,103.3,104.24,104.98,104.98,104.98,104.98,104.98,104.98,104.98,105.8,105.8,105.8,-,103.91,105.59,106.88,106.88,106.88,106.88,106.88,106.88,106.88,108.35,108.35,108.35,-,102.88,102.88,102.88,102.88,102.88,102.88,102.88,102.88,102.88,102.88,102.88,102.88,-,100,100,100,100,100,100,100,100,100,100,100,100,-,-,-,-,-,-,-,-,-,-,-,-,-,-
KOTA PALANGKARAYA,101.23,101.22,101.26,101.28,101.33,102.97,102.97,103.06,103.1,103.23,103.45,103.73,-,102.09,102.05,102.14,102.18,102.22,102.35,102.16,102.18,102.27,102.37,102.81,103.37,-,100.6,100.6,100.6,100.6,100.6,100.9,100.9,100.9,100.9,101.21,101.21,101.21,-,100,100,100,100,100,107.52,107.52,107.52,107.52,107.52,107.52,107.52,-,100.87,100.87,100.87,100.87,101.46,101.46,103.78,105.46,105.46,105.46,105.46,105.46,-
KAB TANAH LAUT,101.65,101.65,101.65,101.65,101.65,101.65,101.65,101,101,101,101,101,-,102.44,102.44,102.44,102.44,102.44,102.44,102.44,100.77,100.77,100.77,100.77,100.77,-,102.35,102.35,102.35,102.35,102.35,102.35,102.35,102.35,102.35,102.35,102.35,102.35,-,100,100,100,100,100,100,100,100,100,100,100,100,-,-,-,-,-,-,-,-,-,-,-,-,-,-
KOTABARU,104.03,104.03,104.03,104.03,104.31,104.31,104.32,104.32,104.32,103.79,103.79,104.04,-,109.41,109.41,109.41,109.41,110.22,110.22,110.25,110.25,110.25,108.7,108.7,109.44,-,104.86,104.86,104.86,104.86,104.86,104.86,104.86,104.86,104.86,104.86,104.86,104.86,-,100,100,100,100,100,100,100,100,100,100,100,100,-,-,-,-,-,-,-,-,-,-,-,-,-,-
KAB HULU SUNGAI TENGAH,103.23,103.23,103.23,103.23,103.23,103.23,103.23,103.23,103.23,103.23,103.23,103.23,-,102.68,102.68,102.68,102.68,102.68,102.68,102.68,102.68,102.68,102.68,102.68,102.68,-,105.05,105.05,105.05,105.05,105.05,105.05,105.05,105.05,105.05,105.05,105.05,105.05,-,100,100,100,100,100,100,100,100,100,100,100,100,-,-,-,-,-,-,-,-,-,-,-,-,-,-
TANJUNG,101.25,101.26,101.42,101.44,101.52,101.67,101.72,101.96,108.49,127.4,127.53,127.55,-,102.72,102.76,103.33,103.4,103.69,104.18,104.36,105.21,105.01,105.3,105.46,105.55,-,100.82,100.82,100.82,100.82,100.82,100.82,100.82,100.82,100.82,100.82,101.18,101.18,-,100.11,100.11,100.11,100.11,100.11,100.11,100.11,100.11,115.4,159.11,159.11,159.11,-,103.5,103.5,103.5,103.5,103.5,103.5,103.5,103.5,103.5,103.5,103.5,103.5,-
KOTA BANJARMASIN,103.37,103.49,103.5,103.68,103.68,103.73,103.74,103.87,103.92,104.12,104.12,104.16,-,101.36,101.04,101.09,101.75,101.76,101.93,101.96,102.45,102.64,103.38,103.38,103.53,-,109.01,110.33,110.33,110.33,110.33,110.33,110.33,110.33,110.33,110.33,110.33,110.33,-,102.84,102.84,102.84,102.84,102.84,102.84,102.84,102.84,102.84,102.84,102.84,102.84,-,100,100,100,100,100,100,100,100,100,100,100,100,-
KAB BERAU,130.45,130.49,130.58,130.53,130.53,130.53,130.84,130.54,130.84,130.84,130.72,130.72,-,101.06,101.15,101.36,101.24,101.24,101.24,101.52,100.79,101.52,101.52,101.23,101.23,-,117,117,117,117,117,117,117.69,117.69,117.69,117.69,117.69,117.69,-,186.5,186.5,186.5,186.5,186.5,186.5,186.5,186.5,186.5,186.5,186.5,186.5,-,-,-,-,-,-,-,-,-,-,-,-,-,-
KAB PENAJAM PASER UTARA,107.65,107.65,107.65,107.65,107.65,107.6,110.2,110.25,110.25,110.25,110.25,110.6,-,112.81,112.81,112.81,112.81,112.81,112.73,112.92,113.01,113.01,113.01,113.01,113.59,-,100,100,100,100,100,100,110.68,110.68,110.68,110.68,110.68,110.68,-,100,100,100,100,100,100,100,100,100,100,100,100,-,-,-,-,-,-,-,-,-,-,-,-,-,-
KOTA BALIKPAPAN,103.21,103.19,103.04,103.26,103.28,103.44,103.55,103.62,103.56,103.59,103.67,103.76,-,105.69,105.64,105.35,105.78,105.82,106.15,106.37,106.5,106.38,106.44,106.61,106.78,-,100,100,100,100,100,100,100,100,100,100,100,100,-,100,100,100,100,100,100,100,100,100,100,100,100,-,104.68,104.68,104.68,104.68,104.68,104.68,104.68,104.68,104.68,104.68,104.68,104.68,-
KOTA SAMARINDA,104.27,104.32,104.31,105.25,105.28,105.42,105.24,105.24,106.75,106.75,106.76,106.95,-,104.16,104.18,104.16,104.93,105.04,105.44,104.91,104.91,105.33,105.33,105.35,105.91,-,108.86,109.12,109.12,109.12,109.12,109.12,109.12,109.12,117.08,117.08,117.08,117.08,-,101.6,101.6,101.6,102.85,102.85,102.85,102.85,102.85,102.85,102.85,102.85,102.85,-,111.49,111.49,111.49,113.84,113.84,113.84,113.84,113.84,113.84,113.84,113.84,113.84,-
TANJUNG SELOR,102.42,102.27,102.1,102.98,103.22,103.24,103.24,103.24,103.21,102.67,103.17,103.58,-,104.52,104.23,103.87,105.68,106.18,106.23,106.23,106.22,106.16,105.04,106.09,106.94,-,100.68,100.68,100.68,100.68,100.68,100.68,100.68,100.68,100.68,100.68,100.68,100.68,-,100,100,100,100,100,100,100,100,100,100,100,100,-,-,-,-,-,-,-,-,-,-,-,-,-,-
KAB NUNUKAN,105.67,106.17,105.49,105.49,105.81,104.9,104.9,104.9,104.9,104.24,104.28,104.51,-,100.41,101.39,100.05,100.05,100.68,98.9,98.9,98.9,98.9,97.58,97.66,98.12,-,105.5,105.5,105.5,105.5,105.5,105.5,105.5,105.5,105.5,105.5,105.5,105.5,-,115.46,115.46,115.46,115.46,115.46,115.46,115.46,115.46,115.46,115.46,115.46,115.46,-,-,-,-,-,-,-,-,-,-,-,-,-,-
KOTA TARAKAN,100.07,100.07,100.54,100.54,100.94,101.01,101.21,101.21,101.25,101.47,101.47,101.47,-,100.1,100.1,101.06,101.06,101.86,101.99,102.32,102.32,102.4,102.83,102.83,102.83,-,100.06,100.06,100.06,100.06,100.06,100.06,100.23,100.23,100.23,100.23,100.23,100.23,-,100,100,100,100,100,100,100,100,100,100,100,100,-,-,-,-,-,-,-,-,-,-,-,-,-,-
KAB MINAHASA SELATAN,100.93,100.93,100.93,100.93,100.93,100.93,100.93,100.93,100.93,100.93,100.93,100.93,-,101.55,101.55,101.55,101.55,101.55,101.55,101.55,101.56,101.56,101.56,101.56,101.56,-,101.16,101.16,101.16,101.16,101.16,101.16,101.16,101.16,101.16,101.16,101.16,101.16,-,100,100,100,100,100,100,100,100,100,100,100,100,-,-,-,-,-,-,-,-,-,-,-,-,-,-
KAB MINAHASA UTARA,104.54,107.18,106.97,105.41,104.27,105.16,105.16,105.35,104.72,105.07,105.19,105.4,-,107.23,107.65,107.19,103.76,101.26,103.21,103.21,103.3,101.57,102.35,102.61,103.07,-,106.56,106.56,106.56,106.56,106.56,106.56,106.56,107.37,108.16,108.16,108.16,108.16,-,100,106.9,106.9,106.9,106.9,106.9,106.9,106.9,106.9,106.9,106.9,106.9,-,-,-,-,-,-,-,-,-,-,-,-,-,-
KOTA MANADO,99.45,99.45,99.45,99.46,99.79,99.74,99.74,100.16,99.94,100.85,100.85,102.38,-,99.05,99.05,99.05,99.08,99.64,99.56,99.56,99.56,99.19,100.75,100.75,103.36,-,100,100,100,100,100,100,100,100,100,100,100,100,-,100,100,100,100,100,100,100,100,100,100,100,100,-,100,100,100,100,100,100,100,103.6,103.6,103.6,103.6,103.6,-
KOTA KOTAMOBAGU,104,104,104,104,104,104,107.62,107.38,106.15,106.15,106.15,106.15,-,105.87,105.87,105.87,105.87,105.87,105.87,105.87,104.89,98.74,98.74,98.74,98.74,-,114.27,114.27,114.27,114.27,114.27,114.27,114.27,114.27,114.27,114.27,114.27,114.27,-,100,100,100,100,100,100,106.5,106.5,106.5,106.5,106.5,106.5,-,105.95,105.95,105.95,105.95,105.95,105.95,105.95,105.95,115.24,115.24,115.24,115.24,-
LUWUK,99.48,100.4,100.09,100.25,101.02,101.08,101.34,101.39,101.84,102.33,103.18,103.4,-,97.56,98.99,98.47,98.74,100.04,100.14,100.59,100.67,101.44,102.26,103.7,104.07,-,101.71,102.02,102.02,102.02,102.02,102.02,102.02,102.02,102.02,102.02,102.02,102.02,-,103.43,103.43,103.43,103.43,103.43,103.43,103.43,103.43,103.43,103.43,103.43,103.43,-,100,100,100,100,100,100,100,100,100,100,100,100,-
KAB MOROWALI,100.02,100.02,100.02,100.02,100.02,100.02,100.02,101.02,101.02,101.02,101.02,101.02,-,100.03,100.03,100.03,100.03,100.03,100.03,100.03,101.21,101.21,101.21,101.21,101.21,-,100,100,100,100,100,100,100,100.63,100.63,100.63,100.63,100.63,-,100,100,100,100,100,100,100,100,100,100,100,100,-,100,100,100,100,100,100,100,100.82,100.82,100.82,100.82,100.82,-
KAB TOLI TOLI,98.21,98.32,98.32,98.32,99.47,99.47,99.47,99.52,99.52,99.84,99.65,99.65,-,96.74,96.9,96.9,96.9,97.39,97.39,97.39,97.47,97.47,97.94,97.65,97.65,-,103.24,103.24,103.24,103.24,109.61,109.61,109.61,109.61,109.61,109.61,109.61,109.61,-,100,100,100,100,100,100,100,100,100,100,100,100,-,-,-,-,-,-,-,-,-,-,-,-,-,-
KOTA PALU,100.22,100.32,100.13,100.46,100.38,100.52,100.73,101.18,101.93,101.93,102.17,102.38,-,100.45,100.65,100.27,100.89,100.74,100.97,101.4,101.86,103.41,103.41,103.76,104.19,-,100,100,100,100,100,100.24,100.24,102.54,102.54,102.54,102.54,102.54,-,100,100,100,100,100,100,100,100,100,100,100,100,-,100,100,100,100.28,100.28,100.28,100.28,100.28,100.28,100.28,101.13,101.13,-
BULUKUMBA,101.59,101.64,101.67,101.38,101.57,101.37,101.21,101.39,101.12,101.03,100.66,100.99,-,104.02,104.17,104.24,103.51,103.98,103.48,103.07,103.52,102.85,102.62,101.68,102.5,-,100,100,100,100,100,100,100,100,100,100,100,100,-,100,100,100,100,100,100,100,100,100,100,100,100,-,-,-,-,-,-,-,-,-,-,-,-,-,-
WATAMPONE,100.58,100.58,100.58,100.58,100.58,100.58,100.58,101.07,101.15,101.15,101.46,101.52,-,101.47,101.47,101.47,101.47,101.47,101.47,101.47,102.71,102.92,102.92,103.7,103.86,-,100,100,100,100,100,100,100,100,100,100,100,100,-,100,100,100,100,100,100,100,100,100,100,100,100,-,100,100,100,100,100,100,100,100,100,100,100,100,-
KAB WAJO,105.62,105.62,107.12,107.12,107.12,107.12,107.12,107.12,107.12,107.12,107.12,107.12,-,105.63,105.63,107.94,107.94,107.94,107.93,107.94,107.94,107.94,107.94,107.94,107.94,-,104.92,104.92,104.92,104.92,104.92,104.92,104.92,104.92,104.92,104.92,104.92,104.92,-,107.28,107.28,107.28,107.28,107.28,107.28,107.28,107.28,107.28,107.28,107.28,107.28,-,-,-,-,-,-,-,-,-,-,-,-,-,-
KAB SIDENRENG RAPPANG,100.93,100.87,100.87,100.86,100.85,101.02,101.04,101.04,101.04,101.05,101.05,101.05,-,101.68,101.58,101.58,101.56,101.55,101.86,101.89,101.89,101.89,101.92,101.92,101.92,-,100,100,100,100,100,100,100,100,100,100,100,100,-,100,100,100,100,100,100,100,100,100,100,100,100,-,-,-,-,-,-,-,-,-,-,-,-,-,-
KAB LUWU TIMUR,98.8,98.64,98.34,98.29,98.11,97.98,97.98,97.98,97.98,97.98,97.98,97.96,-,98.36,98.14,97.74,97.66,97.42,97.25,97.25,97.25,97.25,97.25,97.25,97.22,-,100,100,100,100,100,100,100,100,100,100,100,100,-,100,100,100,100,100,100,100,100,100,100,100,100,-,-,-,-,-,-,-,-,-,-,-,-,-,-
KOTA MAKASSAR,104.37,104.45,104.47,104.49,104.49,104.16,104.19,104.19,104.43,104.76,105.06,105.27,-,103.04,103.15,103.18,103.2,103.21,102.73,102.77,102.77,103.12,103.4,103.62,103.92,-,102.82,102.82,102.82,102.82,102.82,102.82,102.82,102.82,102.82,103.9,105.02,105.02,-,117.93,117.93,117.93,117.93,117.93,117.93,117.93,117.93,117.93,117.93,117.93,117.93,-,103.77,103.77,103.77,103.77,103.77,103.77,103.77,103.77,103.77,103.77,103.77,103.77,-
KOTA PARE PARE,109.9,109.88,110.23,110.22,108.56,108.99,108.82,108.82,108.97,108.97,109.79,109.48,-,102.64,102.59,103.3,103.27,99.92,100.8,100.44,100.44,100.75,100.76,102.41,101.79,-,102.76,102.76,102.76,102.76,102.76,102.76,102.76,102.76,102.76,102.76,102.76,102.76,-,124.26,124.26,124.26,124.26,124.26,124.26,124.26,124.26,124.26,124.26,124.26,124.26,-,108.74,108.74,108.74,108.74,108.74,108.74,108.74,108.74,108.74,108.74,108.74,108.74,-
KOTA PALOPO,100.19,100.19,100.19,100.19,100.19,100.18,100.19,100.19,100.48,100.46,100.48,100.49,-,100.27,100.27,100.27,100.27,100.27,100.23,100.25,100.25,100.87,100.83,100.88,100.89,-,100.37,100.37,100.37,100.37,100.37,100.37,100.37,100.37,100.37,100.37,100.37,100.37,-,100,100,100,100,100,100,100,100,100,100,100,100,-,-,-,-,-,-,-,-,-,-,-,-,-,-
KAB KONAWE,101.1,121.41,104.14,104.14,104.14,104.14,104.14,104.14,104.14,104.14,104.14,104.14,-,102,102,102,102,102,102,102,102,102,102,102,102,-,100,188.21,100,100,100,100,100,100,100,100,100,100,-,100,111.96,111.96,111.96,111.96,111.96,111.96,111.96,111.96,111.96,111.96,111.96,-,-,-,-,-,-,-,-,-,-,-,-,-,-
KAB KOLAKA,100.05,99.9,99.9,99.9,99.9,99.96,99.96,99.96,99.96,99.96,99.97,99.98,-,100.29,99.44,99.44,99.44,99.44,99.76,99.76,99.76,99.76,99.76,99.86,99.91,-,100,100,100,100,100,100,100,100,100,100,100,100,-,100,100,100,100,100,100,100,100,100,100,100,100,-,-,-,-,-,-,-,-,-,-,-,-,-,-
KOTA KENDARI,101.9,101.34,101.48,101.51,101.52,101.09,101.09,101.27,101.71,101.77,101.78,101.75,-,102.42,101.04,101.34,101.38,101.38,100.42,100.41,100.83,101.83,101.96,101.97,101.9,-,104.57,104.57,104.57,104.57,104.57,104.57,104.57,104.57,104.57,104.57,104.57,104.57,-,100,100,100,100,100,100,100,100,100,100,100,100,-,106.25,107.7,107.96,108.49,108.49,108.49,108.49,108.49,108.49,108.49,108.49,108.49,-
KOTA BAU BAU,100.36,100.16,100.49,100.49,99.47,99.61,99.72,99.79,99.96,99.77,99.79,99.42,-,100.99,100.41,100.41,100.41,97.39,97.79,98.14,98.34,98.84,98.24,98.3,97.2,-,100,100,100,100,100,100,100,100,100,100,100,100,-,100,100,100.69,100.69,100.69,100.69,100.69,100.69,100.69,100.69,100.69,100.69,-,100.92,100.92,100.92,100.92,100.92,100.92,100.92,100.92,100.92,101.36,101.36,101.36,-
KAB GORONTALO,100.54,100.02,100.22,100.2,100.39,100.38,100.4,100.4,100.4,99.7,100.88,100.88,-,100.95,99.74,100.21,100.16,100.61,100.59,100.64,100.64,100.64,98.99,98.64,98.64,-,100.42,100.42,100.42,100.42,100.42,100.42,100.42,100.42,100.42,100.42,104.71,104.71,-,100,100,100,100,100,100,100,100,100,100,100,100,-,-,-,-,-,-,-,-,-,-,-,-,-,-
KOTA GORONTALO,106.85,106.85,106.85,106.85,106.85,106.85,106.85,106.85,106.85,106.85,106.85,106.85,-,102.93,102.93,102.93,102.93,102.93,102.93,102.93,102.93,102.93,102.93,102.93,102.93,-,106.72,106.72,106.72,106.72,106.72,106.72,106.72,106.72,106.72,106.72,106.72,106.72,-,115.17,115.17,115.17,115.17,115.17,115.17,115.17,115.17,115.17,115.17,115.17,115.17,-,105.5,105.5,105.5,105.5,105.5,105.5,105.5,105.55,105.55,105.55,105.55,105.55,-
KAB MAJENE,101.45,101.58,101.58,101.58,101.58,101.58,101.58,101.74,101.74,101.74,101.74,101.74,-,98.38,98.5,98.5,98.5,98.5,98.5,98.5,98.5,98.5,98.5,98.5,98.5,-,110.4,110.6,110.62,110.62,110.62,110.62,110.62,111.24,111.24,111.24,111.24,111.24,-,100,100,100,100,100,100,100,100,100,100,100,100,-,-,-,-,-,-,-,-,-,-,-,-,-,-
MAMUJU,105.77,103.78,102.47,101.33,101.38,99.68,100.59,100.85,101.89,101.55,101.75,102.04,-,106.38,102.87,100.58,98.57,98.66,95.67,97.27,97.74,99.56,98.96,99.3,99.82,-,104.41,104.41,104.41,104.41,104.41,104.41,104.41,104.41,104.41,104.41,104.41,104.41,-,101.54,101.54,101.54,101.54,101.54,101.54,101.54,101.54,101.54,101.54,101.54,101.54,-,107.72,107.72,107.72,107.72,107.72,107.72,107.72,107.72,107.72,107.72,107.72,107.72,-
KAB MALUKU TENGAH,113.31,113.31,113.8,114.72,111.4,110.56,110.6,114.17,113.77,113.77,113.77,113.25,-,139.2,139.2,140.62,143.33,133.57,131.07,131.22,141.71,140.53,140.53,140.53,139,-,100,100,100,100,100,100,100,100,100,100,100,100,-,100,100,100,100,100,100,100,100,100,100,100,100,-,-,-,-,-,-,-,-,-,-,-,-,-,-
KOTA AMBON,104.63,104.47,105.1,105.05,106.38,107.05,106.96,109.15,110.97,110.97,111.53,111.67,-,104.07,103.79,103.8,103.71,105.77,105.77,105.61,105.63,108.79,108.79,109.78,110.03,-,111.66,111.66,111.91,111.91,112.93,117.51,117.51,117.51,117.51,117.51,117.51,117.51,-,102.63,102.63,102.63,102.63,102.63,102.63,102.63,102.63,102.63,102.63,102.63,102.63,-,100.83,100.83,107.86,107.86,107.86,107.86,107.86,134.04,134.04,134.04,134.04,134.04,-
KOTA TUAL,98.46,98.46,98.46,98.26,98.26,98.38,98.38,99.29,99.12,99.12,100.19,101.08,-,97.5,97.5,97.5,97.17,97.17,97.37,97.37,97.37,97.1,97.1,98.83,100.27,-,100,100,100,100,100,100,100,105.55,105.55,105.55,105.55,105.55,-,100,100,100,100,100,100,100,100,100,100,100,100,-,-,-,-,-,-,-,-,-,-,-,-,-,-
KAB HALMAHERA TENGAH,98.36,98.38,98.38,98.38,98.38,100.46,101.69,101.69,101.69,101.69,101.69,101.69,-,95.18,95.2,95.21,95.21,95.21,97.97,99.6,99.6,99.6,99.6,99.6,99.6,-,120,120,120,120,120,120,120,120,120,120,120,120,-,100,100,100,100,100,100,100,100,100,100,100,100,-,-,-,-,-,-,-,-,-,-,-,-,-,-
KOTA TERNATE,101.29,101.29,101.29,101.29,101.29,101.36,101.37,101.37,101.37,101.37,101.35,101.64,-,102.82,102.83,102.83,102.83,102.83,102.99,103,103,103,103,102.97,103.61,-,100.28,100.28,100.28,100.28,100.28,100.28,100.28,100.28,100.28,100.28,100.28,100.28,-,100,100,100,100,100,100,100,100,100,100,100,100,-,100,100,100,100,100,100,100,100,100,100,100,100,-
MANOKWARI,103.64,103.64,103.69,103.57,103.36,103.32,103.54,103.54,103.54,103.54,103.54,103.54,-,102.62,102.62,102.76,102.43,101.84,101.72,102.36,102.36,102.36,102.36,102.36,102.36,-,100,100,100,100,100,100,100,100,100,100,100,100,-,108.28,108.28,108.28,108.28,108.28,108.28,108.28,108.28,108.28,108.28,108.28,108.28,-,100,100,100,100,100,100,100,100,100,100,100,100,-
KAB SORONG,106.78,106.04,106.58,106.58,106.73,106.26,106.19,106.19,105.77,105.4,105.48,106.06,-,111.52,110.23,111.17,111.17,111.43,110.62,110.49,110.49,109.76,109.12,109.25,110.27,-,100,100,100,100,100,100,100,100,100,100,100,100,-,101.06,101.06,101.06,101.06,101.06,101.06,101.06,101.06,101.06,101.06,101.06,101.06,-,-,-,-,-,-,-,-,-,-,-,-,-,-
KAB SORONG SELATAN,104.03,104.03,104.03,104.03,105.15,105.15,105.15,105.15,105.15,106.86,106.97,106.97,-,107.3,107.3,107.3,107.3,109.33,109.33,109.33,109.33,109.33,112.41,112.62,112.62,-,100,100,100,100,100,100,100,100,100,100,100,100,-,100,100,100,100,100,100,100,100,100,100,100,100,-,-,-,-,-,-,-,-,-,-,-,-,-,-
KOTA SORONG,102.4,102.25,102.46,102.57,102.52,102.34,102.57,103.3,103.35,102.92,102.92,103.3,-,103.22,102.98,103.32,103.49,103.4,103.12,103.49,104.63,104.71,104,104,104.62,-,100.06,100.06,100.06,100.06,100.06,100.06,100.06,100.06,100.06,100.06,100.06,100.06,-,101.06,101.06,101.06,101.06,101.06,101.06,101.06,101.06,101.06,101.06,101.06,101.06,-,110.06,110.06,110.18,110.18,110.18,110.18,110.18,111.41,111.41,111.41,111.41,111.41,-
KOTA JAYAPURA,103.53,103.25,102.94,103.36,103.36,102.91,103.32,103.63,103.74,104.53,104.77,103.42,-,103.71,102.83,102.3,103.02,103.03,102.25,102.96,103.49,103.69,105.06,105.49,103.13,-,100,100,100,100,100,100,100,100,100,100,100,100,-,100,100,100,100,100,100,100,100,100,100,100,100,-,122.03,125.58,125.58,125.58,125.58,125.58,125.58,125.58,125.58,125.58,125.58,125.58,-
MERAUKE,109.19,109.36,109.85,109.82,109.82,109.35,109.53,109.53,109.66,110.25,110.73,110.73,-,109.23,109.23,110.15,110.1,110.1,107.97,107.97,107.97,108.22,109.43,110.42,110.42,-,107.3,107.93,108.07,108.07,108.07,108.42,109.13,109.13,109.13,109.13,109.13,109.13,-,114.47,114.47,114.47,114.47,114.47,115.95,115.95,115.95,115.95,115.95,115.95,115.95,-,102.9,102.9,102.9,102.9,102.9,105.89,105.89,105.89,105.89,105.89,105.89,105.89,-
TIMIKA,99.22,100.35,101.42,101.41,101.42,101.42,104.13,103.93,105.83,105.78,106.73,107.45,-,94.32,93.81,95.01,94.96,95,95,94.98,94.26,94.26,94.09,94.09,94.09,-,102.09,102.09,102.09,102.09,102.09,102.09,104.36,104.36,104.36,104.36,104.36,104.36,-,100,100,100,100,100,100,104.93,104.93,104.93,104.93,105.75,105.75,-,100,109.43,114.8,114.8,114.8,114.8,121.39,121.39,135.46,135.46,141.32,146.64,-
KAB NABIRE,101.08,100.53,100.53,100.53,101.09,101,101,101.58,101.87,102.13,102.13,102.13,-,101.52,99.93,99.93,99.93,99.93,99.66,99.66,101.08,101.93,102.31,102.31,102.31,-,101.66,101.66,101.66,101.66,103.35,103.35,103.35,103.63,103.63,104.03,104.03,104.03,-,100,100,100,100,100,100,100,100,100,100,100,100,-,100,100,100,100,100,100,100,100,100,100,100,100,-
KAB JAYAWIJAYA,99.33,99.61,99.62,98.47,98.47,98.47,99.17,99.17,99.17,99.17,99.17,99.17,-,97.86,97.86,97.86,96.36,96.36,96.36,96.36,96.36,96.36,96.36,96.36,96.36,-,108.7,108.7,108.7,108.7,108.7,108.7,108.7,108.7,108.7,108.7,108.7,108.7,-,100,102.3,102.34,102.34,102.34,102.34,108.2,108.2,108.2,108.2,108.2,108.2,-,-,-,-,-,-,-,-,-,-,-,-,-,-
INDONESIA,103.16,103.39,103.61,103.68,103.72,103.77,103.85,103.92,103.96,104.12,104.27,104.64,-,103.69,103.9,104.17,104.27,104.19,104.19,104.26,104.3,104.28,104.48,104.68,104.94,-,103.27,103.67,103.76,103.84,104.12,104.24,104.38,104.49,104.66,104.83,104.96,105.26,-,101.76,101.89,102.18,102.2,102.22,102.24,102.26,102.28,102.31,102.41,102.5,103.17,-,105.01,105.13,105.24,105.31,105.32,105.64,105.75,106.06,106.18,106.24,106.29,106.48,-