"Tanggal","Terakhir","Pembukaan","Tertinggi","Terendah","Vol.","Perubahan%"
"31/12/2025","12.966,57","13.044,33","13.056,02","12.955,99","","-0,61%"
"30/12/2025","13.046,36","13.055,66","13.076,90","13.024,97","","-0,07%"
"29/12/2025","13.055,66","13.035,87","13.073,96","13.033,84","","0,09%"
"26/12/2025","13.043,49","13.055,69","13.065,35","13.034,35","","-0,12%"
"25/12/2025","13.058,73","13.056,70","13.063,82","13.041,46","","0,02%"
"24/12/2025","13.056,70","13.045,00","13.091,39","13.041,20","","0,07%"
"23/12/2025","13.047,03","13.014,63","13.054,65","13.003,14","","0,25%"
"22/12/2025","13.014,63","12.950,15","13.023,22","12.939,77","","0,53%"
"19/12/2025","12.946,14","12.959,88","12.972,58","12.936,64","","-0,11%"
"18/12/2025","12.959,88","12.921,10","12.970,94","12.913,59","","0,28%"
"17/12/2025","12.923,59","12.944,51","12.952,05","12.897,68","","-0,17%"
"16/12/2025","12.945,01","12.926,12","12.970,67","12.915,60","","0,18%"
"15/12/2025","12.921,61","12.880,76","12.938,17","12.873,45","","0,32%"
"12/12/2025","12.880,26","12.900,99","12.914,98","12.871,96","","-0,16%"
"11/12/2025","12.900,48","12.905,10","12.920,48","12.868,84","","-0,03%"
"10/12/2025","12.904,10","12.842,46","12.914,59","12.839,98","","0,47%"
"09/12/2025","12.843,44","12.863,70","12.872,02","12.833,06","","-0,15%"
"08/12/2025","12.862,71","12.839,51","12.891,96","12.837,03","","0,18%"
"05/12/2025","12.839,51","12.842,87","12.867,58","12.826,55","","-0,03%"
"04/12/2025","12.842,87","12.847,37","12.860,73","12.828,53","","-0,03%"
"03/12/2025","12.846,88","12.820,62","12.852,34","12.808,27","","0,22%"
"02/12/2025","12.818,64","12.852,57","12.858,03","12.799,38","","-0,26%"
"01/12/2025","12.852,57","12.849,60","12.879,90","12.839,20","","0,02%"
"28/11/2025","12.849,60","12.829,12","12.862,88","12.820,66","","0,16%"
"27/11/2025","12.828,62","12.840,58","12.869,84","12.811,83","","-0,09%"
"26/11/2025","12.839,59","12.802,09","12.849,98","12.787,71","","0,29%"
"25/11/2025","12.803,08","12.791,19","12.812,92","12.764,54","","0,09%"
"24/11/2025","12.791,68","12.773,25","12.804,44","12.758,61","","0,12%"
"21/11/2025","12.776,19","12.791,01","12.808,94","12.744,49","","-0,12%"
"20/11/2025","12.791,50","12.772,10","12.821,06","12.765,76","","0,15%"
"19/11/2025","12.772,59","12.855,18","12.869,28","12.764,78","","-0,67%"
"18/11/2025","12.859,12","12.832,82","12.869,88","12.826,42","","0,21%"
"17/11/2025","12.832,32","12.852,92","12.871,10","12.825,43","","-0,20%"
"14/11/2025","12.858,36","12.859,95","12.876,71","12.812,96","","-0,01%"
"13/11/2025","12.859,45","12.826,09","12.881,74","12.810,84","","0,26%"
"12/11/2025","12.826,09","12.823,77","12.842,72","12.797,32","","0,01%"
"11/11/2025","12.824,76","12.779,68","12.839,56","12.768,41","","0,35%"
"10/11/2025","12.779,68","12.821,41","12.821,91","12.772,33","","-0,33%"
"07/11/2025","12.821,41","12.810,01","12.827,81","12.790,38","","0,12%"
"06/11/2025","12.806,57","12.780,69","12.810,01","12.774,03","","0,19%"
"05/11/2025","12.781,67","12.765,30","12.805,42","12.757,01","","0,13%"
"04/11/2025","12.765,30","12.765,39","12.825,82","12.741,95","","0,00%"
"03/11/2025","12.765,39","12.783,46","12.811,21","12.756,59","","-0,14%"
"31/10/2025","12.783,46","12.794,10","12.812,81","12.766,78","","-0,07%"
"30/10/2025","12.792,13","12.802,44","12.843,19","12.770,04","","-0,11%"
"29/10/2025","12.806,39","12.833,30","12.853,45","12.792,58","","-0,21%"
"28/10/2025","12.833,79","12.810,83","12.846,77","12.805,10","","0,18%"
"27/10/2025","12.810,83","12.780,63","12.828,62","12.779,15","","0,25%"
"24/10/2025","12.778,66","12.800,37","12.812,98","12.762,93","","-0,17%"
"23/10/2025","12.799,88","12.770,63","12.944,94","12.754,91","","0,23%"
"22/10/2025","12.770,14","12.774,81","12.850,10","12.652,65","","-0,04%"
"21/10/2025","12.775,30","12.807,14","12.823,49","12.772,84","","-0,25%"
"20/10/2025","12.807,14","12.799,13","12.824,79","12.783,51","","0,06%"
"17/10/2025","12.799,14","12.806,25","12.841,38","12.787,79","","-0,06%"
"16/10/2025","12.806,25","12.778,68","12.823,06","12.776,22","","0,21%"
"15/10/2025","12.779,18","12.765,72","12.806,36","12.760,80","","0,11%"
"14/10/2025","12.765,72","12.752,20","12.773,54","12.730,42","","0,11%"
"13/10/2025","12.752,20","12.760,71","12.800,44","12.741,90","","-0,07%"
"10/10/2025","12.760,71","12.730,85","12.789,09","12.725,95","","0,23%"
"09/10/2025","12.730,85","12.782,22","12.801,35","12.717,15","","-0,39%"
"08/10/2025","12.780,74","12.788,00","12.830,63","12.761,36","","-0,07%"
"07/10/2025","12.789,49","12.810,59","12.854,27","12.782,29","","-0,18%"
"06/10/2025","12.812,08","12.829,27","12.850,01","12.780,42","","-0,11%"
"03/10/2025","12.826,29","12.866,57","12.898,54","12.817,65","","-0,31%"
"02/10/2025","12.865,57","12.891,09","12.913,19","12.843,65","","-0,20%"
"01/10/2025","12.891,09","12.917,61","12.954,76","12.873,09","","-0,21%"
"30/09/2025","12.917,61","12.922,49","12.946,74","12.902,22","","-0,04%"
"29/09/2025","12.922,49","12.938,40","12.969,50","12.896,73","","-0,24%"
"26/09/2025","12.952,93","12.930,14","12.992,69","12.925,15","","0,18%"
"25/09/2025","12.930,14","12.938,40","13.016,97","12.923,15","","-0,07%"
"24/09/2025","12.938,90","12.987,57","13.004,44","12.930,87","","-0,37%"
"23/09/2025","12.987,57","12.953,43","12.997,78","12.932,78","","0,26%"
"22/09/2025","12.953,43","12.915,54","12.956,97","12.898,46","","0,32%"
"19/09/2025","12.912,52","12.871,91","12.934,16","12.859,37","","0,31%"
"18/09/2025","12.872,41","12.853,52","12.917,48","12.831,34","","0,13%"
"17/09/2025","12.855,53","12.885,53","12.927,85","12.850,00","","-0,23%"
"16/09/2025","12.885,53","12.814,81","12.891,59","12.779,15","","0,56%"
"15/09/2025","12.813,31","12.764,51","12.825,24","12.759,04","","0,35%"
"12/09/2025","12.768,99","12.840,32","12.861,16","12.744,15","","-0,58%"
"11/09/2025","12.843,83","12.833,81","12.851,85","12.801,87","","0,09%"
"10/09/2025","12.831,81","12.846,01","12.853,35","12.811,29","","-0,10%"
"09/09/2025","12.844,51","12.706,73","12.884,53","12.699,80","","1,08%"
"08/09/2025","12.706,73","12.781,70","12.786,67","12.687,94","","-0,57%"
"05/09/2025","12.780,21","12.728,20","12.808,11","12.726,22","","0,40%"
"04/09/2025","12.729,18","12.745,17","12.777,07","12.720,79","","-0,13%"
"03/09/2025","12.745,17","12.728,47","12.757,95","12.716,14","","0,13%"
"02/09/2025","12.728,47","12.783,27","12.801,78","12.705,79","","-0,43%"
"01/09/2025","12.783,27","12.846,19","12.860,49","12.776,31","","-0,48%"
"29/08/2025","12.844,69","12.747,13","12.856,20","12.734,22","","0,79%"
"28/08/2025","12.743,65","12.721,62","12.756,58","12.698,79","","0,18%"
"27/08/2025","12.721,12","12.679,07","12.730,04","12.665,27","","0,33%"
"26/08/2025","12.679,07","12.643,02","12.688,94","12.633,69","","0,29%"
"25/08/2025","12.643,02","12.751,68","12.752,18","12.633,20","","-0,85%"
"22/08/2025","12.751,68","12.638,73","12.767,12","12.626,48","","0,90%"
"21/08/2025","12.638,24","12.655,10","12.673,80","12.625,99","","-0,13%"
"20/08/2025","12.655,10","12.635,19","12.690,98","12.622,91","","0,15%"
"19/08/2025","12.636,66","12.581,26","12.693,83","12.567,08","","0,44%"
"18/08/2025","12.580,77","12.598,43","12.609,24","12.576,86","","-0,10%"
"15/08/2025","12.593,52","12.538,33","12.615,15","12.536,38","","0,42%"
"14/08/2025","12.540,28","12.646,63","12.664,93","12.533,94","","-0,85%"
"13/08/2025","12.647,62","12.686,49","12.697,37","12.638,72","","-0,32%"
"12/08/2025","12.687,97","12.638,87","12.727,06","12.637,88","","0,38%"
"11/08/2025","12.639,85","12.680,01","12.684,45","12.632,48","","-0,26%"
"08/08/2025","12.673,10","12.697,30","12.723,49","12.662,76","","-0,16%"
"07/08/2025","12.693,84","12.726,08","12.734,00","12.661,77","","-0,26%"
"06/08/2025","12.727,06","12.720,36","12.739,95","12.700,88","","0,05%"
"05/08/2025","12.720,36","12.724,17","12.743,96","12.699,80","","-0,03%"
"04/08/2025","12.724,66","12.795,84","12.805,78","12.714,50","","-0,56%"
"01/08/2025","12.795,84","12.675,24","12.812,25","12.654,78","","0,95%"
"31/07/2025","12.675,25","12.635,40","12.732,52","12.635,40","","0,31%"
"30/07/2025","12.635,89","12.730,63","12.753,90","12.632,47","","-0,74%"
"29/07/2025","12.730,14","12.699,16","12.754,80","12.691,76","","0,26%"
"28/07/2025","12.697,68","12.732,67","12.762,60","12.692,74","","-0,27%"
"25/07/2025","12.732,67","12.746,06","12.772,42","12.720,75","","-0,11%"
"24/07/2025","12.746,06","12.758,96","12.779,09","12.737,09","","-0,11%"
"23/07/2025","12.759,46","12.757,64","12.765,63","12.721,41","","0,01%"
"22/07/2025","12.758,14","12.738,71","12.765,63","12.709,15","","0,15%"
"21/07/2025","12.738,71","12.678,03","12.747,17","12.669,16","","0,52%"
"18/07/2025","12.673,10","12.697,80","12.717,57","12.668,18","","-0,19%"
"17/07/2025","12.697,80","12.680,73","12.708,60","12.615,21","","0,13%"
"16/07/2025","12.680,73","12.649,27","12.719,88","12.634,58","","0,25%"
"15/07/2025","12.649,27","12.671,12","12.713,72","12.640,91","","-0,17%"
"14/07/2025","12.671,12","12.660,61","12.692,01","12.646,28","","0,08%"
"11/07/2025","12.660,61","12.675,35","12.683,77","12.649,67","","-0,12%"
"10/07/2025","12.676,33","12.688,47","12.705,77","12.650,13","","-0,08%"
"09/07/2025","12.686,48","12.668,08","12.701,85","12.649,78","","0,15%"
"08/07/2025","12.668,08","12.681,18","12.736,70","12.640,41","","-0,10%"
"07/07/2025","12.681,18","12.699,60","12.730,98","12.671,28","","-0,15%"
"04/07/2025","12.699,60","12.693,06","12.733,55","12.687,60","","0,05%"
"03/07/2025","12.693,06","12.759,78","12.765,29","12.661,30","","-0,52%"
"02/07/2025","12.759,28","12.719,49","12.765,49","12.707,05","","0,30%"
"01/07/2025","12.720,49","12.768,39","12.786,49","12.701,71","","-0,38%"
"30/06/2025","12.768,39","12.699,56","12.775,92","12.688,62","","0,54%"
"27/06/2025","12.699,56","12.717,01","12.727,99","12.678,70","","-0,15%"
"26/06/2025","12.719,00","12.743,49","12.771,93","12.696,08","","-0,19%"
"25/06/2025","12.743,49","12.775,94","12.795,93","12.702,75","","-0,25%"
"24/06/2025","12.775,94","12.835,79","12.863,33","12.739,72","","-0,47%"
"23/06/2025","12.835,79","12.726,22","12.841,79","12.675,29","","0,86%"
"20/06/2025","12.726,22","12.740,92","12.778,39","12.722,76","","-0,12%"
"19/06/2025","12.740,92","12.678,91","12.749,33","12.648,59","","0,49%"
"18/06/2025","12.678,91","12.656,95","12.723,63","12.646,13","","0,17%"
"17/06/2025","12.656,95","12.704,55","12.724,40","12.644,66","","-0,37%"
"16/06/2025","12.704,55","12.714,09","12.734,06","12.692,66","","-0,08%"
"13/06/2025","12.714,09","12.693,52","12.730,97","12.658,38","","0,16%"
"12/06/2025","12.693,52","12.654,24","12.721,86","12.643,26","","0,31%"
"11/06/2025","12.654,74","12.638,86","12.669,53","12.624,37","","0,09%"
"10/06/2025","12.643,28","12.653,06","12.665,37","12.623,70","","-0,08%"
"09/06/2025","12.653,06","12.621,67","12.674,25","12.618,72","","0,25%"
"06/06/2025","12.621,67","12.658,48","12.669,81","12.610,42","","-0,29%"
"05/06/2025","12.658,48","12.664,23","12.700,46","12.634,94","","-0,06%"
"04/06/2025","12.666,21","12.629,42","12.680,01","12.616,70","","0,29%"
"03/06/2025","12.629,42","12.639,56","12.674,89","12.621,59","","-0,08%"
"02/06/2025","12.639,56","12.616,66","12.676,03","12.616,17","","0,18%"
"30/05/2025","12.616,66","12.655,87","12.677,05","12.604,95","","-0,30%"
"29/05/2025","12.654,40","12.630,36","12.672,61","12.548,15","","0,16%"
"28/05/2025","12.634,77","12.627,07","12.662,07","12.614,83","","0,06%"
"27/05/2025","12.627,07","12.646,99","12.672,02","12.618,75","","-0,15%"
"26/05/2025","12.646,50","12.620,14","12.662,92","12.606,32","","0,15%"
"23/05/2025","12.627,51","12.631,99","12.656,93","12.587,32","","-0,04%"
"22/05/2025","12.631,99","12.713,25","12.729,04","12.626,13","","-0,64%"
"21/05/2025","12.713,25","12.676,17","12.736,95","12.656,35","","0,29%"
"20/05/2025","12.676,17","12.691,67","12.692,65","12.653,44","","-0,11%"
"19/05/2025","12.689,71","12.647,62","12.704,43","12.644,70","","0,33%"
"16/05/2025","12.647,62","12.723,43","12.754,30","12.635,47","","-0,65%"
"15/05/2025","12.730,29","12.716,59","12.755,44","12.688,24","","0,11%"
"14/05/2025","12.716,59","12.694,08","12.779,93","12.678,98","","0,18%"
"13/05/2025","12.693,59","12.643,55","12.697,01","12.637,26","","0,40%"
"12/05/2025","12.643,55","12.719,99","12.736,67","12.618,43","","-0,62%"
"09/05/2025","12.722,45","12.680,87","12.743,55","12.662,86","","0,33%"
"08/05/2025","12.680,87","12.771,31","12.815,02","12.667,23","","-0,71%"
"07/05/2025","12.771,31","12.774,22","12.828,57","12.727,77","","-0,02%"
"06/05/2025","12.773,73","12.746,74","12.781,17","12.668,62","","0,25%"
"05/05/2025","12.741,30","12.661,30","12.780,44","12.654,97","","0,60%"
"02/05/2025","12.665,70","12.658,24","12.733,90","12.580,39","","0,06%"
"01/05/2025","12.658,24","12.704,25","12.718,85","12.642,33","","-0,36%"
"30/04/2025","12.704,25","12.807,59","12.832,65","12.686,77","","-0,81%"
"29/04/2025","12.807,59","12.879,69","12.882,64","12.788,04","","-0,57%"
"28/04/2025","12.880,67","12.794,11","12.886,58","12.781,52","","0,69%"
"25/04/2025","12.792,65","12.865,59","12.868,04","12.785,13","","-0,57%"
"24/04/2025","12.865,59","12.817,31","12.874,92","12.809,51","","0,38%"
"23/04/2025","12.817,31","12.852,68","12.884,87","12.801,43","","-0,28%"
"22/04/2025","12.852,68","12.875,92","12.931,50","12.846,31","","-0,14%"
"21/04/2025","12.870,60","12.832,25","12.916,99","12.826,38","","0,36%"
"18/04/2025","12.824,03","12.837,64","12.844,01","12.809,78","","-0,03%"
"17/04/2025","12.827,94","12.832,74","12.847,44","12.791,67","","0,03%"
"16/04/2025","12.824,03","12.752,17","12.847,93","12.743,47","","0,63%"
"15/04/2025","12.743,54","12.749,87","12.801,33","12.728,10","","0,02%"
"14/04/2025","12.741,22","12.734,10","12.790,61","12.700,16","","0,14%"
"11/04/2025","12.723,55","12.615,93","12.766,53","12.615,93","","0,91%"
"10/04/2025","12.608,86","12.599,93","12.648,70","12.458,11","","0,11%"
"09/04/2025","12.595,25","12.460,29","12.608,41","12.445,12","","1,14%"
"08/04/2025","12.453,83","12.239,47","12.516,70","12.230,89","","1,77%"
"07/04/2025","12.236,68","12.303,58","12.325,56","12.236,76","","-0,48%"
"04/04/2025","12.295,75","12.414,72","12.444,12","12.282,14","","-0,93%"
"03/04/2025","12.410,98","12.291,25","12.445,05","12.264,85","","1,03%"
"02/04/2025","12.283,89","12.320,52","12.375,30","12.287,61","","-0,24%"
"01/04/2025","12.313,13","12.334,28","12.345,31","12.311,81","","-0,12%"
"31/03/2025","12.327,80","12.335,20","12.369,29","12.310,44","","-0,02%"
"28/03/2025","12.330,55","12.360,06","12.368,37","12.326,94","","-0,21%"
"27/03/2025","12.356,32","12.369,45","12.407,59","12.348,53","","0,01%"
"26/03/2025","12.355,57","12.421,41","12.430,80","12.359,76","","-0,47%"
"25/03/2025","12.413,95","12.368,79","12.434,64","12.355,86","","0,41%"
"24/03/2025","12.363,66","12.349,38","12.402,23","12.337,84","","0,18%"
"21/03/2025","12.341,01","12.336,21","12.379,03","12.330,20","","0,11%"
"20/03/2025","12.326,92","12.417,81","12.436,97","12.314,54","","-0,69%"
"19/03/2025","12.412,65","12.344,52","12.428,13","12.331,08","","0,59%"
"18/03/2025","12.340,30","12.325,27","12.363,07","12.309,11","","0,13%"
"17/03/2025","12.324,29","12.257,30","12.338,25","12.238,39","","0,62%"
"14/03/2025","12.248,95","12.296,47","12.301,53","12.234,36","","-0,34%"
"13/03/2025","12.290,42","12.338,69","12.358,81","12.276,70","","-0,31%"
"12/03/2025","12.328,46","12.330,88","12.374,10","12.314,20","","0,02%"
"11/03/2025","12.326,19","12.246,13","12.359,97","12.245,21","","0,71%"
"10/03/2025","12.238,71","12.241,76","12.287,20","12.233,79","","0,04%"
"07/03/2025","12.233,40","12.252,41","12.273,70","12.229,81","","-0,06%"
"06/03/2025","12.240,38","12.252,14","12.280,51","12.213,80","","-0,04%"
"05/03/2025","12.245,66","12.288,90","12.303,61","12.184,21","","-0,32%"
"04/03/2025","12.285,16","12.236,87","12.298,09","12.202,83","","0,48%"
"03/03/2025","12.226,35","12.266,50","12.298,80","12.199,19","","-0,30%"
"28/02/2025","12.263,24","12.199,65","12.304,27","12.194,67","","0,57%"
"27/02/2025","12.194,13","12.229,20","12.279,48","12.196,48","","-0,20%"
"26/02/2025","12.218,16","12.229,71","12.267,33","12.177,12","","-0,04%"
"25/02/2025","12.223,22","12.154,15","12.238,41","12.143,71","","0,63%"
"24/02/2025","12.147,23","12.200,70","12.257,74","12.146,88","","-0,37%"
"21/02/2025","12.192,39","12.246,89","12.255,62","12.182,07","","-0,40%"
"20/02/2025","12.241,30","12.162,56","12.256,54","12.158,95","","0,69%"
"19/02/2025","12.157,53","12.126,53","12.210,04","12.115,24","","0,33%"
"18/02/2025","12.117,38","12.089,03","12.138,73","12.065,63","","0,33%"
"17/02/2025","12.078,09","12.136,15","12.158,83","12.077,58","","-0,44%"
"14/02/2025","12.131,50","12.177,06","12.186,59","12.097,02","","-0,31%"
"13/02/2025","12.168,80","12.094,46","12.181,13","12.087,76","","0,69%"
"12/02/2025","12.085,40","12.101,40","12.120,43","12.045,94","","-0,09%"
"11/02/2025","12.096,36","12.059,62","12.123,35","12.044,51","","0,34%"
"10/02/2025","12.055,48","12.011,96","12.085,92","11.980,57","","0,43%"
"07/02/2025","12.003,84","12.091,37","12.106,01","11.995,58","","-0,69%"
"06/02/2025","12.087,22","12.074,15","12.106,38","12.053,44","","0,15%"
"05/02/2025","12.069,09","12.091,29","12.105,17","12.034,74","","-0,12%"
"04/02/2025","12.083,12","12.091,23","12.102,03","11.989,74","","-0,02%"
"03/02/2025","12.085,33","11.995,89","12.093,01","11.896,08","","0,81%"
"31/01/2025","11.987,79","12.014,63","12.057,55","11.984,42","","-0,18%"
"30/01/2025","12.009,60","11.984,07","12.065,45","11.974,31","","0,27%"
"29/01/2025","11.977,78","11.970,32","11.996,96","11.947,77","","0,08%"
"28/01/2025","11.968,03","12.026,85","12.035,80","11.946,01","","-0,44%"
"27/01/2025","12.020,52","12.015,23","12.052,84","11.982,74","","0,07%"
"24/01/2025","12.011,59","12.009,00","12.031,77","11.958,53","","0,08%"
"23/01/2025","12.002,21","12.017,56","12.044,89","11.977,62","","-0,06%"
"22/01/2025","12.009,44","12.079,87","12.085,23","12.009,15","","-0,51%"
"21/01/2025","12.071,26","12.060,45","12.089,42","11.977,51","","0,16%"
"20/01/2025","12.052,32","11.948,31","12.092,10","11.947,44","","0,92%"
"17/01/2025","11.942,48","11.974,39","11.993,11","11.931,28","","-0,22%"
"16/01/2025","11.969,41","11.938,12","11.990,20","11.925,04","","0,30%"
"15/01/2025","11.933,15","11.901,37","11.973,59","11.887,88","","0,31%"
"14/01/2025","11.896,40","11.883,47","11.913,04","11.859,34","","0,16%"
"13/01/2025","11.877,65","11.797,95","11.885,99","11.793,64","","0,69%"
"10/01/2025","11.796,44","11.838,66","11.856,11","11.769,63","","-0,25%"
"09/01/2025","11.826,35","11.841,05","11.893,19","11.809,74","","-0,07%"
"08/01/2025","11.834,80","11.824,22","11.882,08","11.809,53","","0,13%"
"07/01/2025","11.819,25","11.877,96","11.881,44","11.812,10","","-0,46%"
"06/01/2025","11.873,85","11.816,66","11.945,86","11.801,59","","0,55%"
"03/01/2025","11.808,70","11.815,63","11.879,35","11.790,41","","0,02%"
"02/01/2025","11.806,32","11.789,06","11.942,45","11.779,13","","0,26%"
"01/01/2025","11.775,47","11.786,89","11.791,65","11.784,31","","-0,04%"
"31/12/2024","11.780,64","11.863,54","11.903,80","11.762,78","","-0,66%"
"30/12/2024","11.858,55","11.948,93","11.962,57","11.853,08","","-0,69%"
"27/12/2024","11.940,85","11.913,17","11.965,60","11.904,33","","0,27%"
"26/12/2024","11.908,62","11.923,71","11.931,17","11.898,73","","-0,01%"
"25/12/2024","11.909,49","11.905,74","11.930,73","11.903,99","","0,04%"
"24/12/2024","11.904,24","11.915,73","11.940,52","11.891,29","","-0,05%"
"23/12/2024","11.910,72","11.949,90","11.966,84","11.906,96","","-0,23%"
"20/12/2024","11.938,65","11.968,70","11.996,55","11.905,89","","-0,19%"
"19/12/2024","11.961,95","11.803,98","11.999,56","11.799,22","","1,38%"
"18/12/2024","11.799,44","11.899,56","11.938,54","11.797,92","","-0,80%"
"17/12/2024","11.894,53","11.853,17","11.916,78","11.847,03","","0,38%"
"16/12/2024","11.849,03","11.855,25","11.888,87","11.833,89","","-0,03%"
"13/12/2024","11.852,35","11.823,45","11.879,90","11.814,24","","0,28%"
"12/12/2024","11.818,86","11.837,12","11.887,20","11.815,55","","-0,09%"
"11/12/2024","11.829,88","11.822,35","11.872,44","11.816,31","","0,09%"
"10/12/2024","11.819,06","11.834,70","11.869,35","11.808,71","","-0,09%"
"09/12/2024","11.829,64","11.808,54","11.864,79","11.792,19","","0,27%"
"06/12/2024","11.798,21","11.847,32","11.893,40","11.799,74","","-0,33%"
"05/12/2024","11.837,39","11.853,56","11.864,16","11.816,43","","-0,10%"
"04/12/2024","11.848,96","11.853,51","11.880,06","11.817,07","","0,00%"
"03/12/2024","11.848,46","11.820,26","11.868,51","11.792,63","","0,33%"
"02/12/2024","11.809,06","11.831,69","11.845,49","11.787,82","","-0,12%"
"29/11/2024","11.823,54","11.818,16","11.861,62","11.803,05","","0,14%"
"28/11/2024","11.806,95","11.880,98","11.888,06","11.798,38","","-0,61%"
"27/11/2024","11.879,90","11.829,80","11.900,50","11.817,95","","0,47%"
"26/11/2024","11.824,32","11.791,81","11.856,21","11.743,82","","0,33%"
"25/11/2024","11.785,90","11.789,83","11.833,19","11.772,13","","0,02%"
"22/11/2024","11.783,49","11.826,08","11.845,48","11.746,65","","-0,31%"
"21/11/2024","11.820,61","11.806,96","11.888,31","11.806,96","","0,12%"
"20/11/2024","11.805,87","11.836,40","11.858,89","11.794,67","","-0,14%"
"19/11/2024","11.822,94","11.839,41","11.846,93","11.795,03","","-0,09%"
"18/11/2024","11.833,46","11.807,86","11.847,37","11.781,33","","0,26%"
"15/11/2024","11.802,81","11.777,60","11.856,09","11.765,80","","0,28%"
"14/11/2024","11.770,38","11.746,97","11.820,18","11.726,88","","0,23%"
"13/11/2024","11.743,24","11.792,84","11.831,99","11.740,41","","-0,36%"
"12/11/2024","11.785,58","11.755,01","11.821,29","11.744,00","","0,32%"
"11/11/2024","11.747,73","11.814,83","11.823,74","11.744,44","","-0,50%"
"08/11/2024","11.806,60","11.919,55","11.922,71","11.777,09","","-0,91%"
"07/11/2024","11.914,86","11.872,36","11.935,38","11.832,52","","0,42%"
"06/11/2024","11.865,49","11.971,25","11.983,55","11.845,26","","-0,83%"
"05/11/2024","11.964,71","11.936,88","11.979,45","11.928,29","","0,27%"
"04/11/2024","11.932,72","11.854,76","11.977,27","11.854,76","","0,73%"
"01/11/2024","11.846,07","11.891,95","11.902,78","11.850,29","","-0,32%"
"31/10/2024","11.884,56","11.869,03","11.894,66","11.849,17","","0,17%"
"30/10/2024","11.863,89","11.903,33","11.913,67","11.837,69","","-0,25%"
"29/10/2024","11.894,16","11.889,16","11.915,95","11.880,18","","0,10%"
"28/10/2024","11.882,09","11.835,94","11.903,56","11.804,22","","0,46%"
"25/10/2024","11.827,67","11.821,39","11.857,92","11.807,06","","0,10%"
"24/10/2024","11.815,35","11.807,40","11.841,26","11.795,44","","0,12%"
"23/10/2024","11.800,94","11.821,02","11.864,63","11.796,25","","-0,11%"
"22/10/2024","11.814,52","11.772,53","11.843,56","11.764,93","","0,40%"
"21/10/2024","11.766,94","11.810,30","11.825,65","11.764,04","","-0,25%"
"18/10/2024","11.797,02","11.790,89","11.816,77","11.765,34","","0,12%"
"17/10/2024","11.783,05","11.808,60","11.868,69","11.777,45","","-0,20%"
"16/10/2024","11.806,14","11.899,04","11.910,86","11.800,51","","-0,74%"
"15/10/2024","11.893,85","11.892,39","11.918,15","11.860,53","","0,05%"
"14/10/2024","11.887,66","11.937,25","11.951,32","11.880,59","","-0,40%"
"11/10/2024","11.934,87","11.997,86","12.007,35","11.918,06","","-0,49%"
"10/10/2024","11.993,57","11.949,21","12.003,83","11.941,90","","0,41%"
"09/10/2024","11.944,47","11.992,65","12.005,07","11.940,07","","-0,41%"
"08/10/2024","11.993,87","12.023,62","12.051,90","11.985,90","","-0,20%"
"07/10/2024","12.017,94","11.872,28","12.045,42","11.857,28","","1,31%"
"04/10/2024","11.862,98","11.883,94","11.980,33","11.853,19","","-0,12%"
"03/10/2024","11.877,79","11.816,39","11.923,16","11.789,92","","0,57%"
"02/10/2024","11.810,23","11.800,78","11.869,54","11.793,92","","0,12%"
"01/10/2024","11.795,53","11.781,65","11.846,82","11.773,86","","0,17%"
"30/09/2024","11.775,46","11.801,66","11.869,06","11.769,28","","-0,18%"
"27/09/2024","11.796,83","11.818,57","11.828,43","11.734,62","","-0,14%"
"26/09/2024","11.813,29","11.705,88","11.825,95","11.702,26","","0,99%"
"25/09/2024","11.697,92","11.830,47","11.844,31","11.700,90","","-1,06%"
"24/09/2024","11.823,35","11.776,11","11.835,54","11.746,38","","0,45%"
"23/09/2024","11.770,86","11.734,65","11.786,37","11.717,24","","0,38%"
"20/09/2024","11.725,77","11.794,08","11.805,04","11.669,51","","-0,50%"
"19/09/2024","11.785,19","11.839,87","11.852,69","11.761,30","","-0,41%"
"18/09/2024","11.834,18","11.819,35","11.904,67","11.815,25","","0,12%"
"17/09/2024","11.819,58","11.889,60","11.894,20","11.819,79","","-0,55%"
"16/09/2024","11.885,28","11.868,06","11.899,25","11.854,83","","0,21%"
"13/09/2024","11.860,55","11.856,92","11.905,60","11.840,49","","0,07%"
"12/09/2024","11.852,62","11.808,46","11.861,02","11.795,80","","0,41%"
"11/09/2024","11.804,17","11.839,09","11.867,73","11.790,83","","-0,28%"
"10/09/2024","11.837,06","11.836,12","11.857,17","11.810,74","","0,04%"
"09/09/2024","11.831,83","11.793,39","11.889,14","11.781,18","","0,35%"
"06/09/2024","11.790,90","11.843,78","11.863,95","11.782,98","","-0,43%"
"05/09/2024","11.841,40","11.867,34","11.888,30","11.814,59","","-0,17%"
"04/09/2024","11.861,68","11.878,81","11.894,70","11.831,95","","-0,09%"
"03/09/2024","11.872,71","11.876,99","11.914,41","11.849,34","","0,01%"
"02/09/2024","11.871,80","11.832,04","11.908,14","11.822,99","","0,41%"
"30/08/2024","11.822,77","11.829,03","11.887,40","11.825,25","","0,00%"
"29/08/2024","11.822,92","11.833,53","11.874,84","11.811,58","","-0,05%"
"28/08/2024","11.828,78","11.907,33","11.924,69","11.819,47","","-0,61%"
"27/08/2024","11.901,65","11.831,92","11.923,30","11.822,40","","0,64%"
"26/08/2024","11.826,27","11.903,03","11.917,68","11.754,99","","-0,62%"
"23/08/2024","11.900,55","11.899,77","11.973,94","11.797,78","","0,06%"
"22/08/2024","11.893,69","11.855,91","11.976,04","11.849,11","","0,33%"
"21/08/2024","11.854,80","11.824,87","11.880,47","11.809,34","","0,28%"
"20/08/2024","11.821,94","11.888,38","11.900,21","11.777,29","","-0,49%"
"19/08/2024","11.880,02","11.922,50","11.956,40","11.855,75","","-0,33%"
"16/08/2024","11.919,60","11.867,23","11.934,57","11.863,19","","0,49%"
"15/08/2024","11.861,20","11.908,02","11.935,31","11.846,60","","-0,36%"
"14/08/2024","11.903,86","12.010,70","12.029,86","11.886,34","","-0,88%"
"13/08/2024","12.009,71","12.045,61","12.064,47","11.954,68","","-0,23%"
"12/08/2024","12.037,74","12.029,77","12.073,26","12.018,42","","0,20%"
"09/08/2024","12.014,19","11.990,87","12.046,28","11.980,03","","0,24%"
"08/08/2024","11.985,22","12.077,73","12.096,87","11.971,46","","-0,72%"
"07/08/2024","12.072,60","12.195,86","12.204,61","12.072,28","","-0,96%"
"06/08/2024","12.189,79","12.213,26","12.243,75","12.172,45","","-0,16%"
"05/08/2024","12.209,48","12.198,80","12.277,18","12.168,85","","0,04%"
"02/08/2024","12.205,14","12.145,13","12.231,96","12.135,60","","0,53%"
"01/08/2024","12.140,93","12.169,29","12.187,54","12.127,44","","-0,19%"
"31/07/2024","12.164,18","12.139,72","12.175,22","12.123,36","","0,21%"
"30/07/2024","12.138,71","12.118,96","12.153,52","12.107,24","","0,20%"
"29/07/2024","12.113,88","12.137,25","12.147,31","12.103,64","","-0,11%"
"26/07/2024","12.127,64","12.096,18","12.143,74","12.091,23","","0,29%"
"25/07/2024","12.092,45","12.071,47","12.118,73","12.061,14","","0,23%"
"24/07/2024","12.064,60","12.046,23","12.089,47","12.039,07","","0,21%"
"23/07/2024","12.039,38","12.051,42","12.062,69","12.035,31","","-0,06%"
"22/07/2024","12.046,81","12.034,05","12.073,29","12.028,23","","0,18%"
"19/07/2024","12.025,41","12.020,54","12.067,24","12.008,03","","0,09%"
"18/07/2024","12.014,58","12.008,21","12.066,81","12.002,39","","0,13%"
"17/07/2024","11.999,55","12.034,67","12.045,41","11.995,39","","-0,26%"
"16/07/2024","12.031,39","12.035,28","12.092,64","12.019,02","","0,02%"
"15/07/2024","12.029,32","12.034,38","12.059,84","12.009,53","","-0,02%"
"12/07/2024","12.031,17","12.060,25","12.068,79","11.997,92","","-0,20%"
"11/07/2024","12.055,10","12.040,34","12.075,54","12.006,68","","0,16%"
"10/07/2024","12.035,73","12.029,47","12.067,38","12.023,54","","0,09%"
"09/07/2024","12.024,43","12.041,19","12.082,95","12.020,13","","-0,10%"
"08/07/2024","12.037,04","12.069,93","12.074,46","12.037,18","","-0,24%"
"05/07/2024","12.066,28","12.081,09","12.100,24","12.040,91","","-0,05%"
"04/07/2024","12.072,03","12.092,34","12.108,44","12.066,55","","-0,11%"
"03/07/2024","12.085,52","12.089,01","12.128,63","12.060,58","","0,00%"
"02/07/2024","12.085,24","12.022,69","12.094,35","12.012,96","","0,58%"
"01/07/2024","12.015,90","12.076,41","12.117,47","12.012,52","","-0,43%"
"28/06/2024","12.067,82","12.071,63","12.091,12","12.058,32","","0,02%"
"27/06/2024","12.065,79","12.076,27","12.110,66","12.065,61","","-0,04%"
"26/06/2024","12.070,36","12.087,54","12.147,79","12.066,05","","-0,10%"
"25/06/2024","12.082,07","12.118,13","12.174,66","12.081,31","","-0,27%"
"24/06/2024","12.114,72","12.139,78","12.157,78","12.106,04","","-0,14%"
"21/06/2024","12.132,05","12.129,94","12.179,04","12.125,91","","0,05%"
"20/06/2024","12.126,25","12.116,39","12.159,06","12.104,18","","0,13%"
"19/06/2024","12.110,44","12.139,61","12.149,21","12.100,53","","-0,21%"
"18/06/2024","12.135,46","12.125,25","12.144,10","12.104,67","","0,09%"
"17/06/2024","12.124,69","12.120,77","12.133,77","12.110,92","","0,08%"
"14/06/2024","12.114,83","12.043,38","12.138,13","12.034,92","","0,64%"
"13/06/2024","12.038,34","12.096,44","12.110,37","12.040,26","","-0,43%"
"12/06/2024","12.090,85","12.038,58","12.127,05","12.033,69","","0,47%"
"11/06/2024","12.034,44","12.035,63","12.051,93","12.023,64","","0,03%"
"10/06/2024","12.030,60","11.980,40","12.042,50","11.966,68","","0,47%"
"07/06/2024","11.974,85","12.082,48","12.090,12","11.970,66","","-0,86%"
"06/06/2024","12.078,32","12.075,94","12.107,87","12.055,61","","0,08%"
"05/06/2024","12.068,20","12.044,26","12.103,49","12.037,11","","0,25%"
"04/06/2024","12.037,86","12.055,71","12.069,61","12.021,98","","-0,13%"
"03/06/2024","12.053,34","12.025,91","12.061,99","11.999,56","","0,28%"
"31/05/2024","12.019,98","12.044,90","12.050,70","12.012,12","","-0,16%"
"30/05/2024","12.038,96","11.951,34","12.054,27","11.942,06","","0,78%"
"29/05/2024","11.946,31","11.929,56","11.987,77","11.918,97","","0,18%"
"28/05/2024","11.925,42","11.903,97","11.953,38","11.899,12","","0,24%"
"27/05/2024","11.897,18","11.846,74","11.916,33","11.838,84","","0,47%"
"24/05/2024","11.840,94","11.831,84","11.854,64","11.821,78","","0,11%"
"23/05/2024","11.827,80","11.839,72","11.862,56","11.825,72","","-0,08%"
"22/05/2024","11.837,43","11.871,97","11.886,02","11.834,46","","-0,24%"
"21/05/2024","11.865,54","11.854,41","11.900,12","11.845,18","","0,14%"
"20/05/2024","11.848,94","11.856,72","11.887,76","11.850,01","","-0,02%"
"17/05/2024","11.850,81","11.832,68","11.870,24","11.814,24","","0,22%"
"16/05/2024","11.825,00","11.914,59","11.943,89","11.819,94","","-0,74%"
"15/05/2024","11.912,73","11.910,49","11.923,45","11.872,36","","0,11%"
"14/05/2024","11.900,01","11.884,26","11.925,08","11.871,39","","0,20%"
"13/05/2024","11.875,74","11.847,01","11.896,13","11.839,15","","0,29%"
"10/05/2024","11.841,13","11.858,40","11.869,37","11.840,02","","-0,13%"
"09/05/2024","11.856,01","11.835,65","11.867,17","11.820,83","","0,22%"
"08/05/2024","11.829,78","11.846,58","11.869,91","11.825,62","","-0,10%"
"07/05/2024","11.842,01","11.862,91","11.890,49","11.839,15","","-0,10%"
"06/05/2024","11.854,37","11.918,05","11.919,37","11.826,09","","-0,50%"
"03/05/2024","11.913,76","11.948,62","11.976,03","11.879,83","","-0,21%"
"02/05/2024","11.939,20","11.947,10","11.962,12","11.898,99","","-0,07%"
"01/05/2024","11.947,81","11.909,04","11.961,60","11.901,63","","0,37%"
"30/04/2024","11.904,06","11.957,05","11.966,29","11.906,86","","-0,40%"
"29/04/2024","11.952,04","11.895,06","11.969,68","11.890,27","","0,52%"
"26/04/2024","11.890,09","11.911,77","11.940,19","11.891,14","","-0,16%"
"25/04/2024","11.908,62","11.860,80","11.924,05","11.856,88","","0,45%"
"24/04/2024","11.854,95","11.915,52","11.936,13","11.856,01","","-0,45%"
"23/04/2024","11.908,78","11.920,41","11.941,95","11.890,19","","-0,06%"
"22/04/2024","11.915,42","11.937,73","11.952,21","11.903,37","","-0,14%"
"19/04/2024","11.931,86","11.880,72","11.957,92","11.840,28","","0,52%"
"18/04/2024","11.870,50","11.922,09","11.932,18","11.868,95","","-0,36%"
"17/04/2024","11.913,16","11.851,12","11.934,36","11.846,78","","0,58%"
"16/04/2024","11.844,42","11.627,23","11.867,65","11.593,62","","1,93%"
"15/04/2024","11.620,57","11.638,76","11.655,88","11.620,41","","-0,12%"
"12/04/2024","11.634,23","11.710,58","11.715,78","11.634,06","","-0,58%"
"11/04/2024","11.702,13","11.704,96","11.725,75","11.690,28","","0,01%"
"10/04/2024","11.700,40","11.782,43","11.789,44","11.695,89","","-0,64%"
"09/04/2024","11.775,20","11.758,38","11.792,51","11.751,40","","0,19%"
"08/04/2024","11.753,36","11.747,48","11.763,62","11.734,87","","0,09%"
"05/04/2024","11.742,90","11.788,38","11.797,75","11.721,85","","-0,32%"
"04/04/2024","11.780,84","11.809,65","11.823,95","11.777,46","","-0,19%"
"03/04/2024","11.803,75","11.762,93","11.813,16","11.752,06","","0,36%"
"02/04/2024","11.761,01","11.749,92","11.804,40","11.737,77","","0,13%"
"01/04/2024","11.745,79","11.749,23","11.806,15","11.738,20","","0,02%"
"29/03/2024","11.743,35","11.744,01","11.764,93","11.736,62","","0,06%"
"28/03/2024","11.736,39","11.764,93","11.795,81","11.727,51","","-0,21%"
"27/03/2024","11.760,78","11.733,24","11.777,35","11.719,74","","0,28%"
"26/03/2024","11.728,21","11.738,81","11.759,65","11.728,45","","-0,03%"
"25/03/2024","11.731,28","11.701,46","11.750,16","11.682,83","","0,31%"
"22/03/2024","11.695,58","11.654,82","11.722,73","11.632,75","","0,41%"
"21/03/2024","11.648,07","11.729,80","11.759,65","11.648,32","","-0,67%"
"20/03/2024","11.726,51","11.708,83","11.737,69","11.684,02","","0,19%"
"19/03/2024","11.703,79","11.715,95","11.749,99","11.694,89","","-0,06%"
"18/03/2024","11.711,34","11.655,96","11.733,21","11.645,95","","0,51%"
"15/03/2024","11.651,72","11.660,81","11.695,02","11.647,29","","-0,04%"
"14/03/2024","11.656,19","11.690,75","11.701,21","11.653,39","","-0,24%"
"13/03/2024","11.683,93","11.701,13","11.708,84","11.674,92","","-0,09%"
"12/03/2024","11.694,30","11.716,96","11.729,30","11.686,22","","-0,17%"
"11/03/2024","11.714,52","11.707,72","11.727,10","11.705,52","","0,08%"
"08/03/2024","11.704,84","11.739,23","11.752,89","11.686,85","","-0,28%"
"07/03/2024","11.737,79","11.726,92","11.742,75","11.692,78","","0,13%"
"06/03/2024","11.722,31","11.745,12","11.749,06","11.692,81","","-0,14%"
"05/03/2024","11.738,64","11.716,97","11.758,70","11.709,34","","0,24%"
"04/03/2024","11.711,07","11.680,25","11.724,83","11.675,47","","0,33%"
"01/03/2024","11.672,62","11.675,77","11.686,93","11.647,32","","0,02%"
"29/02/2024","11.670,75","11.652,19","11.705,17","11.648,72","","0,21%"
"28/02/2024","11.645,87","11.637,34","11.662,15","11.633,01","","0,13%"
"27/02/2024","11.630,59","11.627,31","11.654,95","11.620,39","","0,09%"
"26/02/2024","11.620,56","11.607,81","11.637,52","11.596,58","","0,14%"
"23/02/2024","11.604,88","11.606,18","11.627,30","11.585,81","","0,02%"
"22/02/2024","11.602,89","11.633,19","11.658,17","11.599,27","","-0,21%"
"21/02/2024","11.627,73","11.654,82","11.674,30","11.622,81","","-0,20%"
"20/02/2024","11.650,67","11.615,21","11.664,81","11.601,85","","0,37%"
"19/02/2024","11.607,61","11.604,33","11.630,97","11.594,85","","0,08%"
"16/02/2024","11.598,46","11.606,91","11.641,86","11.578,95","","-0,04%"
"15/02/2024","11.603,63","11.565,19","11.621,59","11.532,47","","0,37%"
"14/02/2024","11.560,99","11.541,65","11.573,35","11.534,82","","0,21%"
"13/02/2024","11.537,04","11.596,58","11.606,46","11.528,43","","-0,47%"
"12/02/2024","11.591,08","11.615,90","11.629,99","11.586,25","","-0,15%"
"09/02/2024","11.608,73","11.605,12","11.627,56","11.598,67","","0,07%"
"08/02/2024","11.600,98","11.636,22","11.645,75","11.596,52","","-0,27%"
"07/02/2024","11.632,93","11.700,83","11.720,88","11.629,12","","-0,57%"
"06/02/2024","11.699,28","11.658,82","11.712,58","11.650,16","","0,39%"
"05/02/2024","11.653,80","11.663,38","11.705,93","11.636,51","","-0,06%"
"02/02/2024","11.661,08","11.794,92","11.801,99","11.648,19","","-1,10%"
"01/02/2024","11.790,23","11.774,81","11.799,64","11.748,66","","0,18%"
"31/01/2024","11.768,87","11.781,84","11.811,82","11.757,70","","-0,09%"
"30/01/2024","11.779,15","11.795,43","11.812,17","11.763,83","","-0,10%"
"29/01/2024","11.791,26","11.797,61","11.811,33","11.772,16","","0,03%"
"26/01/2024","11.788,16","11.806,62","11.828,26","11.789,70","","-0,12%"
"25/01/2024","11.802,45","11.726,07","11.826,03","11.718,64","","0,69%"
"24/01/2024","11.721,90","11.654,18","11.759,43","11.648,97","","0,63%"
"23/01/2024","11.648,28","11.652,70","11.699,94","11.639,86","","0,01%"
"22/01/2024","11.646,80","11.642,13","11.665,18","11.641,26","","0,04%"
"19/01/2024","11.642,30","11.620,72","11.654,73","11.615,11","","0,23%"
"18/01/2024","11.615,71","11.631,28","11.652,51","11.604,33","","-0,09%"
"17/01/2024","11.626,26","11.611,37","11.649,78","11.604,45","","0,17%"
"16/01/2024","11.606,34","11.665,23","11.673,97","11.604,45","","-0,44%"
"15/01/2024","11.657,55","11.674,62","11.689,46","11.655,62","","-0,10%"
"12/01/2024","11.668,67","11.683,14","11.711,41","11.662,36","","-0,09%"
"11/01/2024","11.679,19","11.692,77","11.713,90","11.649,88","","-0,07%"
"10/01/2024","11.687,19","11.660,85","11.702,87","11.652,97","","0,28%"
"09/01/2024","11.654,90","11.690,52","11.699,69","11.649,03","","-0,25%"
"08/01/2024","11.684,11","11.666,73","11.695,36","11.653,22","","0,20%"
"05/01/2024","11.660,78","11.650,56","11.709,88","11.617,38","","0,13%"
"04/01/2024","11.645,48","11.648,30","11.701,97","11.642,42","","0,00%"
"03/01/2024","11.644,97","11.663,59","11.702,97","11.632,11","","-0,11%"
"02/01/2024","11.657,62","11.665,28","11.714,53","11.651,60","","-0,02%"
"01/01/2024","11.660,23","11.668,38","11.668,38","11.664,40","","-0,02%"